"Admin_id","ID","Muni","X1995","X1996","X1997","X1998","X1999","X2000","X2001","X2002","X2003","X2004","X2005","X2006","X2007","X2008","X2009","X2010","X2011","X2012","X2013","X2014","X2015","X2016","X2017"
1601,"1111601","Arcos de Valdevez",0,0,0,0,0,0,0,0,0,0,0,0,0,0,0,0,0,0,0,0,0,0,0
1602,"1111602","Caminha",0,0,0,0,0,0,0,0,0,0,0,0,0,0,0,0,0,0,0,0,0,0,0
1603,"1111603","Melgaço",0,0,0,0,0,0,0,0,0,0,0,0,0,0,0,0,0,0,0,0,0,0,0
1604,"1111604","Monção",0,0,0,0,0,0,0,0,0,0,0,0,0,0,0,0,0,0,0,0,0,0,0
1605,"1111605","Paredes de Coura",0,0,0,0,0,0,0,0,0,0,0,0,0,0,0,0,0,0,0,0,0,0,0
1606,"1111606","Ponte da Barca",0,0,0,0,0,0,0,0,0,0,0,0,0,0,0,0,0,0,0,0,0,0,0
1607,"1111607","Ponte de Lima",0,0,0,0,0,0,0,0,0,0,0,0,0,0,0,0,0,0,0,0,0,0,0
1608,"1111608","Valença",0,0,0,0,0,0,0,0,0,0,0,0,0,0,0,0,0,0,0,0,0,0,0
1609,"1111609","Viana do Castelo",0,0,0,0,0,0,0,0,0,0,0,0,0,0,0,0,0,0,0,0,0,0,0
1610,"1111610","Vila Nova de Cerveira",0,0,0,0,0,0,0,0,0,0,0,0,0,0,0,0,0,0,0,0,0,0,0
301,"1120301","Amares",0,0,0,0,0,0,0,0,0,0,0,0,0,0,0,0,0,0,0,0,0,0,0
302,"1120302","Barcelos",0,0,0,0,0,0,0,0,0,0,0,0,0,0,0,0,0,0,0,0,0,0,0
303,"1120303","Braga",0,0,0,0,0,0,0,0,0,0,0,0,0,0,0,0,0,0,0,0,0,0,0
306,"1120306","Esposende",0,0,0,0,0,0,0,0,0,0,0,0,0,0,0,0,0,0,0,0,0,0,0
310,"1120310","Terras de Bouro",0,0,0,0,0,0,0,0,0,0,0,0,0,0,0,0,0,0,0,0,0,0,0
313,"1120313","Vila Verde",0,0,0,0,0,0,0,0,0,0,0,0,0,0,0,0,0,0,0,0,0,0,0
307,"1130307","Fafe",0,0,0,0,0,0,0,0,0,0,0,0,0,0,0,0,0,0,0,0,0,0,0
308,"1130308","Guimarães",5774,5652,4975,5935,5429,4617,5759,4232,5951,5627,6064,5562,4762,6284,6137,6325,6690,6399,6672,5536,5468,6445,6469
309,"1130309","Póvoa de Lanhoso",0,0,0,0,0,0,0,0,0,0,0,0,0,0,0,0,0,0,0,0,0,0,0
1314,"1131314","Santo Tirso",5843,5657,5044,6132,5537,4692,5735,4587,6017,5988,6469,5793,4899,6438,6458,6500,7196,6384,6570,5735,5690,6546,6799
1318,"1131318","Trofa",5506,5592,4817,5945,5194,4648,5510,4496,5774,5743,6865,5440,4628,6068,6309,6144,6641,6043,6494,5436,5318,6371,6716
311,"1130311","Vieira do Minho",0,0,0,0,0,0,0,0,0,0,0,0,0,0,0,0,0,0,0,0,0,0,0
312,"1130312","Vila Nova de Famalicão",0,0,0,0,0,0,0,0,0,0,0,0,0,0,0,0,0,0,0,0,0,0,0
314,"1130314","Vizela",0,0,0,0,0,0,0,0,0,0,0,0,0,0,0,0,0,0,0,0,0,0,0
107,"1140107","Espinho",0,0,0,0,0,0,0,0,0,0,0,0,0,0,0,0,0,0,0,0,0,0,0
1304,"1141304","Gondomar",0,0,0,0,0,0,0,0,0,0,0,0,0,0,0,0,0,0,0,0,0,0,0
1306,"1141306","Maia",5699,5934,5062,5880,5405,4997,5647,4769,5955,6121,6651,5469,4752,6203,6529,6228,6579,6194,6634,5632,5552,6488,7042
1308,"1141308","Matosinhos",5553,6105,4815,5838,5243,5241,5449,4599,5756,6182,7297,5157,5078,6014,6486,6090,5977,6168,6391,5603,5491,6456,7072
1312,"1141312","Porto",0,0,0,0,0,0,0,0,0,0,0,0,0,0,0,0,0,0,0,0,0,0,0
1313,"1141313","Póvoa de Varzim",0,0,0,0,0,0,0,0,0,0,0,0,0,0,0,0,0,0,0,0,0,0,0
1315,"1141315","Valongo",0,0,0,0,0,0,0,0,0,0,0,0,0,0,0,0,0,0,0,0,0,0,0
1316,"1141316","Vila do Conde",5435,5739,4764,5736,5065,4846,5416,4209,5685,5890,6351,5152,4536,5806,6459,6063,6387,5992,6377,5392,5407,6323,6849
1317,"1141317","Vila Nova de Gaia",5837,6445,4822,5999,5294,5717,5507,5708,5669,6300,7424,5417,5056,6087,6862,6045,5844,6895,6942,5794,5593,6214,7088
1301,"1151301","Amarante",0,0,0,0,0,0,0,0,0,0,0,0,0,0,0,0,0,0,0,0,0,0,0
1302,"1151302","Baião",0,0,0,0,0,0,0,0,0,0,0,0,0,0,0,0,0,0,0,0,0,0,0
304,"1150304","Cabeceiras de Basto",0,0,0,0,0,0,0,0,0,0,0,0,0,0,0,0,0,0,0,0,0,0,0
106,"1150106","Castelo de Paiva",0,0,0,0,0,0,0,0,0,0,0,0,0,0,0,0,0,0,0,0,0,0,0
305,"1150305","Celorico de Basto",0,0,0,0,0,0,0,0,0,0,0,0,0,0,0,0,0,0,0,0,0,0,0
1804,"1151804","Cinfães",0,0,0,0,0,0,0,0,0,0,0,0,0,0,0,0,0,0,0,0,0,0,0
1303,"1151303","Felgueiras",0,0,0,0,0,0,0,0,0,0,0,0,0,0,0,0,0,0,0,0,0,0,0
1305,"1151305","Lousada",0,0,0,0,0,0,0,0,0,0,0,0,0,0,0,0,0,0,0,0,0,0,0
1307,"1151307","Marco de Canaveses",0,0,0,0,0,0,0,0,0,0,0,0,0,0,0,0,0,0,0,0,0,0,0
1705,"1151705","Mondim de Basto",0,0,0,0,0,0,0,0,0,0,0,0,0,0,0,0,0,0,0,0,0,0,0
1309,"1151309","Paços de Ferreira",0,0,0,0,0,0,0,0,0,0,0,0,0,0,0,0,0,0,0,0,0,0,0
1310,"1151310","Paredes",0,0,0,0,0,0,0,0,0,0,0,0,0,0,0,0,0,0,0,0,0,0,0
1311,"1151311","Penafiel",0,0,0,0,0,0,0,0,0,0,0,0,0,0,0,0,0,0,0,0,0,0,0
1813,"1151813","Resende",0,0,0,0,0,0,0,0,0,0,0,0,0,0,0,0,0,0,0,0,0,0,0
1709,"1151709","Ribeira de Pena",6082,6548,4991,6244,5635,5313,5921,6240,6113,5728,6574,5899,5082,6884,6584,6482,6366,6937,6624,6129,5726,7191,7247
104,"1160104","Arouca",0,0,0,0,0,0,0,0,0,0,0,0,0,0,0,0,0,0,0,0,0,0,0
113,"1160113","Oliveira de Azeméis",0,0,0,0,0,0,0,0,0,0,0,0,0,0,0,0,0,0,0,0,0,0,0
109,"1160109","Santa Maria da Feira",0,0,0,0,0,0,0,0,0,0,0,0,0,0,0,0,0,0,0,0,0,0,0
116,"1160116","São João da Madeira",0,0,0,0,0,0,0,0,0,0,0,0,0,0,0,0,0,0,0,0,0,0,0
119,"1160119","Vale de Cambra",0,0,0,0,0,0,0,0,0,0,0,0,0,0,0,0,0,0,0,0,0,0,0
1701,"1171701","Alijó",0,0,0,0,0,0,0,0,0,0,0,0,0,0,0,0,0,0,0,0,0,0,0
1801,"1171801","Armamar",0,0,0,0,0,0,0,0,0,0,0,0,0,0,0,0,0,0,0,0,0,0,0
403,"1170403","Carrazeda de Ansiães",7613,6876,6123,6790,6604,5777,6835,6731,6618,7770,9203,6596,5941,6786,7945,6462,7801,8170,8190,7447,6771,6999,8813
404,"1170404","Freixo de Espada à Cinta",0,0,0,0,0,0,0,0,0,0,0,0,0,0,0,0,0,0,0,0,0,0,0
1805,"1171805","Lamego",0,0,0,0,0,0,0,0,0,0,0,0,0,0,0,0,0,0,0,0,0,0,0
1704,"1171704","Mesão Frio",0,0,0,0,0,0,0,0,0,0,0,0,0,0,0,0,0,0,0,0,0,0,0
1807,"1171807","Moimenta da Beira",7306,6689,5890,6953,6798,5490,6633,6123,6438,7581,8675,6179,5951,7088,7954,6814,7366,7783,7898,6621,6776,6606,8217
1812,"1171812","Penedono",7134,7328,6670,7642,6120,6270,6681,7332,6875,7781,8896,6465,5877,7896,7881,6755,8212,7587,7698,7017,6794,6854,8228
1708,"1171708","Peso da Régua",6976,6614,5682,6441,5942,5872,6481,6141,6475,7051,7944,6505,5087,6897,7185,6483,7355,7599,7619,6792,6413,7291,8297
1710,"1171710","Sabrosa",6963,7098,6276,6536,6078,6131,6366,7056,6440,7639,7917,6348,5466,7536,7429,6563,7234,7493,7329,7039,6430,7121,8340
1711,"1171711","Santa Marta de Penaguião",0,0,0,0,0,0,0,0,0,0,0,0,0,0,0,0,0,0,0,0,0,0,0
1815,"1171815","São João da Pesqueira",7332,6682,6062,6530,5880,6000,6772,6638,6808,7413,8843,6635,5117,6786,7680,6488,7895,7830,8123,7258,6520,7034,8705
1818,"1171818","Sernancelhe",6723,7338,6173,7692,5988,6129,6319,6733,6517,7358,8497,6199,5713,8225,7744,6819,8241,7515,7362,6988,6719,6484,7605
1819,"1171819","Tabuaço",7004,6912,6057,6694,6074,5945,6489,6886,6499,7306,8420,6315,5361,7333,7480,6543,7264,7447,7510,6917,6510,7038,8103
1820,"1171820","Tarouca",6664,6951,5869,7517,6213,6096,6382,5580,6711,6991,8111,6456,5183,7996,7705,7073,7929,8182,8020,7014,6655,7191,7648
409,"1170409","Torre de Moncorvo",0,0,0,0,0,0,0,0,0,0,0,0,0,0,0,0,0,0,0,0,0,0,0
410,"1170410","Vila Flor",0,0,0,0,0,0,0,0,0,0,0,0,0,0,0,0,0,0,0,0,0,0,0
914,"1170914","Vila Nova de Foz Côa",0,0,0,0,0,0,0,0,0,0,0,0,0,0,0,0,0,0,0,0,0,0,0
1714,"1171714","Vila Real",6519,6966,5892,6587,5931,6248,6080,7118,6250,6711,7235,6122,5370,7552,7220,6661,6729,7351,6881,6846,6232,7122,7924
401,"1180401","Alfândega da Fé",8095,7279,6918,6971,6865,6629,7462,7272,7594,8456,9795,7453,6308,7251,8993,7131,8754,8847,8746,8213,7296,7561,9071
1702,"1181702","Boticas",0,0,0,0,0,0,0,0,0,0,0,0,0,0,0,0,0,0,0,0,0,0,0
402,"1180402","Bragança",8014,7954,6923,6976,7093,7256,7052,7863,7546,8633,9570,7379,7053,8740,8478,7677,8472,8236,8243,7772,8349,8423,8642
1703,"1181703","Chaves",6582,6238,5711,6691,5764,5512,6482,5618,6745,6657,7278,6340,5326,7326,6968,7046,7234,7101,7516,6714,6403,7596,7184
405,"1180405","Macedo de Cavaleiros",7713,7664,6843,6948,6687,6866,7070,7521,7494,8642,9356,7308,6558,8233,8493,7428,8885,8271,8233,7535,7554,8005,8566
406,"1180406","Miranda do Douro",0,0,0,0,0,0,0,0,0,0,0,0,0,0,0,0,0,0,0,0,0,0,0
407,"1180407","Mirandela",7396,6643,5762,6507,5870,5914,6588,6258,6629,7693,8880,6805,5327,6527,7881,6458,7990,7927,7960,7394,6627,7039,8524
408,"1180408","Mogadouro",0,0,0,0,0,0,0,0,0,0,0,0,0,0,0,0,0,0,0,0,0,0,0
1706,"1181706","Montalegre",0,0,0,0,0,0,0,0,0,0,0,0,0,0,0,0,0,0,0,0,0,0,0
1707,"1181707","Murça",0,0,0,0,0,0,0,0,0,0,0,0,0,0,0,0,0,0,0,0,0,0,0
1712,"1181712","Valpaços",6938,6582,5760,6758,5833,5631,6479,6489,6691,7130,8051,6603,5266,7070,7536,6888,7539,7546,7688,7059,6820,7413,7899
1713,"1181713","Vila Pouca de Aguiar",6447,6914,5980,6331,6040,5855,6253,7121,6573,6733,7365,6337,5609,7263,7042,6987,7009,7117,7137,6650,6885,7261,7346
411,"1180411","Vimioso",0,0,0,0,0,0,0,0,0,0,0,0,0,0,0,0,0,0,0,0,0,0,0
412,"1180412","Vinhais",7364,7118,6424,6653,5963,5985,6547,7086,6874,8118,8447,6744,6059,7744,7995,7029,8182,7670,7677,7098,7377,7409,7971
101,"1610101","Águeda",0,0,0,0,0,0,0,0,0,0,0,0,0,0,0,0,0,0,0,0,0,0,0
102,"1610102","Albergaria-a-Velha",0,0,0,0,0,0,0,0,0,0,0,0,0,0,0,0,0,0,0,0,0,0,0
103,"1610103","Anadia",0,0,0,0,0,0,0,0,0,0,0,0,0,0,0,0,0,0,0,0,0,0,0
105,"1610105","Aveiro",0,0,0,0,0,0,0,0,0,0,0,0,0,0,0,0,0,0,0,0,0,0,0
108,"1610108","Estarreja",0,0,0,0,0,0,0,0,0,0,0,0,0,0,0,0,0,0,0,0,0,0,0
110,"1610110","Ílhavo",0,0,0,0,0,0,0,0,0,0,0,0,0,0,0,0,0,0,0,0,0,0,0
111,"1610111","Mealhada",7118,7808,6469,7316,7496,8016,6978,6774,8062,7581,8741,6588,6487,7453,7637,7025,7305,7651,8121,6591,7940,7847,7793
112,"1610112","Murtosa",0,0,0,0,0,0,0,0,0,0,0,0,0,0,0,0,0,0,0,0,0,0,0
114,"1610114","Oliveira do Bairro",6868,7340,6736,7162,6769,6646,6625,7145,7358,7200,8134,6711,6360,6369,7430,7085,7119,7245,7756,6594,7623,7304,7967
115,"1610115","Ovar",0,0,0,0,0,0,0,0,0,0,0,0,0,0,0,0,0,0,0,0,0,0,0
117,"1610117","Sever do Vouga",0,0,0,0,0,0,0,0,0,0,0,0,0,0,0,0,0,0,0,0,0,0,0
118,"1610118","Vagos",6685,6847,6226,6310,6319,6399,6283,6303,7243,6658,7869,6220,5726,5684,7078,6544,6779,6775,7371,6157,7360,7077,8008
602,"1620602","Cantanhede",7165,7502,6463,7200,7066,7499,6952,7014,7975,7040,8389,6294,6309,6663,7431,6811,7277,7224,7976,6340,7428,7482,8602
603,"1620603","Coimbra",0,0,0,0,0,0,0,0,0,0,0,0,0,0,0,0,0,0,0,0,0,0,0
604,"1620604","Condeixa-a-Nova",0,0,0,0,0,0,0,0,0,0,0,0,0,0,0,0,0,0,0,0,0,0,0
605,"1620605","Figueira da Foz",0,0,0,0,0,0,0,0,0,0,0,0,0,0,0,0,0,0,0,0,0,0,0
608,"1620608","Mira",6512,6350,5630,5784,5971,6298,5958,5810,7032,6177,7668,5755,5254,5695,6666,5866,6219,6542,6994,5687,7484,6661,7812
610,"1620610","Montemor-o-Velho",0,0,0,0,0,0,0,0,0,0,0,0,0,0,0,0,0,0,0,0,0,0,0
613,"1620613","Penacova",0,0,0,0,0,0,0,0,0,0,0,0,0,0,0,0,0,0,0,0,0,0,0
615,"1620615","Soure",0,0,0,0,0,0,0,0,0,0,0,0,0,0,0,0,0,0,0,0,0,0,0
1004,"1631004","Batalha",0,0,0,0,0,0,0,0,0,0,0,0,0,0,0,0,0,0,0,0,0,0,0
1009,"1631009","Leiria",0,0,0,0,0,0,0,0,0,0,0,0,0,0,0,0,0,0,0,0,0,0,0
1010,"1631010","Marinha Grande",0,0,0,0,0,0,0,0,0,0,0,0,0,0,0,0,0,0,0,0,0,0,0
1015,"1631015","Pombal",0,0,0,0,0,0,0,0,0,0,0,0,0,0,0,0,0,0,0,0,0,0,0
1016,"1631016","Porto de Mós",0,0,0,0,0,0,0,0,0,0,0,0,0,0,0,0,0,0,0,0,0,0,0
1002,"1641002","Alvaiázere",0,0,0,0,0,0,0,0,0,0,0,0,0,0,0,0,0,0,0,0,0,0,0
1003,"1641003","Ansião",0,0,0,0,0,0,0,0,0,0,0,0,0,0,0,0,0,0,0,0,0,0,0
601,"1640601","Arganil",0,0,0,0,0,0,0,0,0,0,0,0,0,0,0,0,0,0,0,0,0,0,0
1007,"1641007","Castanheira de Pêra",0,0,0,0,0,0,0,0,0,0,0,0,0,0,0,0,0,0,0,0,0,0,0
1008,"1641008","Figueiró dos Vinhos",0,0,0,0,0,0,0,0,0,0,0,0,0,0,0,0,0,0,0,0,0,0,0
606,"1640606","Góis",0,0,0,0,0,0,0,0,0,0,0,0,0,0,0,0,0,0,0,0,0,0,0
607,"1640607","Lousã",0,0,0,0,0,0,0,0,0,0,0,0,0,0,0,0,0,0,0,0,0,0,0
609,"1640609","Miranda do Corvo",0,0,0,0,0,0,0,0,0,0,0,0,0,0,0,0,0,0,0,0,0,0,0
611,"1640611","Oliveira do Hospital",0,0,0,0,0,0,0,0,0,0,0,0,0,0,0,0,0,0,0,0,0,0,0
612,"1640612","Pampilhosa da Serra",0,0,0,0,0,0,0,0,0,0,0,0,0,0,0,0,0,0,0,0,0,0,0
1013,"1641013","Pedrógão Grande",0,0,0,0,0,0,0,0,0,0,0,0,0,0,0,0,0,0,0,0,0,0,0
614,"1640614","Penela",0,0,0,0,0,0,0,0,0,0,0,0,0,0,0,0,0,0,0,0,0,0,0
616,"1640616","Tábua",7663,7426,5730,7061,7075,5721,6781,6670,6750,7392,8855,6310,6545,7145,7639,6411,7315,7772,8225,6433,6914,6054,7900
617,"1640617","Vila Nova de Poiares",0,0,0,0,0,0,0,0,0,0,0,0,0,0,0,0,0,0,0,0,0,0,0
901,"1650901","Aguiar da Beira",7055,6910,5835,7139,6466,5557,6523,6571,6403,7458,9227,5879,6178,7448,7811,6641,7286,7713,7611,6510,6766,5941,7721
1802,"1651802","Carregal do Sal",0,0,0,0,0,0,0,0,0,0,0,0,0,0,0,0,0,0,0,0,0,0,0
1803,"1651803","Castro Daire",0,0,0,0,0,0,0,0,0,0,0,0,0,0,0,0,0,0,0,0,0,0,0
1806,"1651806","Mangualde",6954,6332,5478,6498,6261,4830,6575,6437,6195,7384,9440,5682,6017,6539,7857,6370,6824,8012,7841,6276,6550,5671,7676
1808,"1651808","Mortágua",0,0,0,0,0,0,0,0,0,0,0,0,0,0,0,0,0,0,0,0,0,0,0
1809,"1651809","Nelas",6720,6347,5277,6301,6426,4681,6549,5922,6097,7371,9122,5619,5930,6359,7741,6295,6591,8103,7818,6238,6588,5811,7844
1810,"1651810","Oliveira de Frades",0,0,0,0,0,0,0,0,0,0,0,0,0,0,0,0,0,0,0,0,0,0,0
1811,"1651811","Penalva do Castelo",7074,6407,5547,6610,6349,4962,6608,6367,6230,7371,9575,5770,5952,6689,7924,6432,7125,7803,7955,6435,6674,5837,7798
1814,"1651814","Santa Comba Dão",6597,7276,5835,7542,6736,6132,6377,5719,6508,7487,9018,6065,6225,7657,7593,6475,6378,7412,7651,6204,6586,6252,7379
1816,"1651816","São Pedro do Sul",0,0,0,0,0,0,0,0,0,0,0,0,0,0,0,0,0,0,0,0,0,0,0
1817,"1651817","Sátão",6995,6155,5352,6445,6269,4748,6379,6225,6050,7272,9051,5702,5952,6585,7817,6455,7201,7625,7767,6299,6544,5808,7762
1821,"1651821","Tondela",0,0,0,0,0,0,0,0,0,0,0,0,0,0,0,0,0,0,0,0,0,0,0
1822,"1651822","Vila Nova de Paiva",0,0,0,0,0,0,0,0,0,0,0,0,0,0,0,0,0,0,0,0,0,0,0
1823,"1651823","Viseu",6184,6189,5485,7130,5386,5496,6073,5208,6286,6356,7944,5669,4777,7600,7334,6440,6678,7033,7444,6533,6298,5908,7064
1824,"1651824","Vouzela",0,0,0,0,0,0,0,0,0,0,0,0,0,0,0,0,0,0,0,0,0,0,0
1413,"1661413","Mação",0,0,0,0,0,0,0,0,0,0,0,0,0,0,0,0,0,0,0,0,0,0,0
506,"1660506","Oleiros",0,0,0,0,0,0,0,0,0,0,0,0,0,0,0,0,0,0,0,0,0,0,0
508,"1660508","Proença-a-Nova",0,0,0,0,0,0,0,0,0,0,0,0,0,0,0,0,0,0,0,0,0,0,0
509,"1660509","Sertã",0,0,0,0,0,0,0,0,0,0,0,0,0,0,0,0,0,0,0,0,0,0,0
510,"1660510","Vila de Rei",0,0,0,0,0,0,0,0,0,0,0,0,0,0,0,0,0,0,0,0,0,0,0
905,"1670905","Fornos de Algodres",7250,7082,5977,7099,6949,5688,6739,7047,6689,7583,9377,6027,6527,7380,7832,6676,7426,8092,7869,6647,7083,6052,7886
906,"1670906","Gouveia",7438,6930,6046,6906,6696,5669,6845,6588,6822,7529,9176,6116,6172,7058,7908,6626,7477,7990,7911,6628,7207,6212,8023
912,"1670912","Seia",0,0,0,0,0,0,0,0,0,0,0,0,0,0,0,0,0,0,0,0,0,0,0
902,"1680902","Almeida",8301,8702,7012,8266,7848,7075,7650,8408,8335,9108,11033,8556,8179,8424,9126,7763,9270,9801,9060,9070,8839,7648,9313
903,"1680903","Celorico da Beira",7300,7795,7011,7148,7179,6801,7020,8007,7546,8226,9191,7181,6854,7435,7829,7534,8485,7840,7914,7243,8662,7149,8271
904,"1680904","Figueira de Castelo Rodrigo",0,0,0,0,0,0,0,0,0,0,0,0,0,0,0,0,0,0,0,0,0,0,0
907,"1680907","Guarda",8100,7927,6513,7840,7830,6236,7465,7880,7886,8553,10029,7295,7402,8071,8517,7187,8281,9264,9041,8301,8045,6626,8495
908,"1680908","Manteigas",0,0,0,0,0,0,0,0,0,0,0,0,0,0,0,0,0,0,0,0,0,0,0
909,"1680909","Mêda",7418,7811,7138,7671,6511,6684,6840,7772,7142,8106,9205,6913,6314,8329,8110,7213,8538,7764,7849,7340,7392,7390,8464
910,"1680910","Pinhel",7553,8146,7231,7231,7450,7093,7255,8375,7798,8952,9507,7619,7248,7929,8166,7908,9099,8590,8176,7769,9214,7667,8748
911,"1680911","Sabugal",0,0,0,0,0,0,0,0,0,0,0,0,0,0,0,0,0,0,0,0,0,0,0
913,"1680913","Trancoso",7037,7852,7090,8060,6290,6638,6598,7680,6919,8017,8980,6561,6452,8497,7871,7091,8271,7453,7530,6952,7333,6704,8089
502,"1690502","Castelo Branco",0,0,0,0,0,0,0,0,0,0,0,0,0,0,0,0,0,0,0,0,0,0,0
505,"1690505","Idanha-a-Nova",11609,9831,9844,9760,10567,9885,10393,10092,11027,10503,13004,10435,9223,9706,11760,9580,10988,11905,11551,11004,11259,10300,12004
507,"1690507","Penamacor",0,0,0,0,0,0,0,0,0,0,0,0,0,0,0,0,0,0,0,0,0,0,0
511,"1690511","Vila Velha de Ródão",0,0,0,0,0,0,0,0,0,0,0,0,0,0,0,0,0,0,0,0,0,0,0
501,"16A0501","Belmonte",9110,8403,7288,7963,8518,6783,8195,8181,8593,8610,10373,7794,7700,8176,8987,7445,8542,9662,9798,8771,8209,7341,9438
503,"16A0503","Covilhã",0,0,0,0,0,0,0,0,0,0,0,0,0,0,0,0,0,0,0,0,0,0,0
504,"16A0504","Fundão",0,0,0,0,0,0,0,0,0,0,0,0,0,0,0,0,0,0,0,0,0,0,0
1001,"16B1001","Alcobaça",8638,7148,7148,7270,7043,7566,7546,7333,7978,7644,9397,7298,6903,6742,8002,7226,7175,7864,8692,7495,8606,6842,9090
1101,"16B1101","Alenquer",0,0,0,0,0,0,0,0,0,0,0,0,0,0,0,0,0,0,0,0,0,0,0
1102,"16B1102","Arruda dos Vinhos",0,0,0,0,0,0,0,0,0,0,0,0,0,0,0,0,0,0,0,0,0,0,0
1005,"16B1005","Bombarral",9340,7588,7934,7955,7691,8071,8364,8290,8646,8648,10352,7899,8216,6996,9043,8169,7564,8317,9335,8262,9590,7414,9928
1104,"16B1104","Cadaval",0,0,0,0,0,0,0,0,0,0,0,0,0,0,0,0,0,0,0,0,0,0,0
1006,"16B1006","Caldas da Rainha",0,0,0,0,0,0,0,0,0,0,0,0,0,0,0,0,0,0,0,0,0,0,0
1108,"16B1108","Lourinhã",0,0,0,0,0,0,0,0,0,0,0,0,0,0,0,0,0,0,0,0,0,0,0
1011,"16B1011","Nazaré",8069,6576,6802,6820,6655,6959,7222,6894,7479,7375,9010,6900,6631,6083,7774,6848,6791,7428,8181,7279,8101,6534,8756
1012,"16B1012","Óbidos",8876,7065,7489,7301,7267,7398,8046,7714,8260,8384,10021,7436,7801,6470,8839,7840,6988,7949,8824,7921,9151,7079,9586
1014,"16B1014","Peniche",8494,6768,7184,6960,6969,7074,7799,7281,7999,8075,9736,7196,7497,6361,8675,7665,6566,7664,8420,7630,8885,6907,9230
1112,"16B1112","Sobral de Monte Agraço",0,0,0,0,0,0,0,0,0,0,0,0,0,0,0,0,0,0,0,0,0,0,0
1113,"16B1113","Torres Vedras",0,0,0,0,0,0,0,0,0,0,0,0,0,0,0,0,0,0,0,0,0,0,0
1401,"16C1401","Abrantes",0,0,0,0,0,0,0,0,0,0,0,0,0,0,0,0,0,0,0,0,0,0,0
1402,"16C1402","Alcanena",0,0,0,0,0,0,0,0,0,0,0,0,0,0,0,0,0,0,0,0,0,0,0
1408,"16C1408","Constância",0,0,0,0,0,0,0,0,0,0,0,0,0,0,0,0,0,0,0,0,0,0,0
1410,"16C1410","Entroncamento",0,0,0,0,0,0,0,0,0,0,0,0,0,0,0,0,0,0,0,0,0,0,0
1411,"16C1411","Ferreira do Zêzere",0,0,0,0,0,0,0,0,0,0,0,0,0,0,0,0,0,0,0,0,0,0,0
1421,"16C1421","Ourém",0,0,0,0,0,0,0,0,0,0,0,0,0,0,0,0,0,0,0,0,0,0,0
1417,"16C1417","Sardoal",0,0,0,0,0,0,0,0,0,0,0,0,0,0,0,0,0,0,0,0,0,0,0
1418,"16C1418","Tomar",0,0,0,0,0,0,0,0,0,0,0,0,0,0,0,0,0,0,0,0,0,0,0
1419,"16C1419","Torres Novas",0,0,0,0,0,0,0,0,0,0,0,0,0,0,0,0,0,0,0,0,0,0,0
1420,"16C1420","Vila Nova da Barquinha",0,0,0,0,0,0,0,0,0,0,0,0,0,0,0,0,0,0,0,0,0,0,0
1115,"1711115","Amadora",0,0,0,0,0,0,0,0,0,0,0,0,0,0,0,0,0,0,0,0,0,0,0
1105,"1711105","Cascais",0,0,0,0,0,0,0,0,0,0,0,0,0,0,0,0,0,0,0,0,0,0,0
1106,"1711106","Lisboa",0,0,0,0,0,0,0,0,0,0,0,0,0,0,0,0,0,0,0,0,0,0,0
1107,"1711107","Loures",9382,8987,8278,8794,8745,8408,9090,9200,10249,9731,11043,8101,8083,9090,9806,8885,8834,9406,10139,8600,11020,10015,10734
1109,"1711109","Mafra",0,0,0,0,0,0,0,0,0,0,0,0,0,0,0,0,0,0,0,0,0,0,0
1116,"1711116","Odivelas",0,0,0,0,0,0,0,0,0,0,0,0,0,0,0,0,0,0,0,0,0,0,0
1110,"1711110","Oeiras",0,0,0,0,0,0,0,0,0,0,0,0,0,0,0,0,0,0,0,0,0,0,0
1111,"1711111","Sintra",0,0,0,0,0,0,0,0,0,0,0,0,0,0,0,0,0,0,0,0,0,0,0
1114,"1711114","Vila Franca de Xira",0,0,0,0,0,0,0,0,0,0,0,0,0,0,0,0,0,0,0,0,0,0,0
1502,"1721502","Alcochete",10489,8840,9004,9489,9060,10034,9322,9584,9975,9621,11523,9286,9299,8959,9932,9311,9221,9904,10611,9291,11030,9252,11478
1503,"1721503","Almada",0,0,0,0,0,0,0,0,0,0,0,0,0,0,0,0,0,0,0,0,0,0,0
1504,"1721504","Barreiro",0,0,0,0,0,0,0,0,0,0,0,0,0,0,0,0,0,0,0,0,0,0,0
1506,"1721506","Moita",10215,9121,9179,9908,9149,10847,9146,9471,10088,9313,11108,9449,8816,10349,9187,9626,9881,9934,10693,9004,10890,9678,11165
1507,"1721507","Montijo",10112,9122,8784,10116,9186,10959,9040,9516,10112,9151,11019,9465,8589,10536,9057,9344,9839,10007,10690,8799,10634,10058,11184
1508,"1721508","Palmela",10063,9218,8938,9711,9189,10727,9169,9506,10325,9443,11131,9365,8708,10445,9439,9458,9887,10050,10641,9026,11083,10021,11337
1510,"1721510","Seixal",0,0,0,0,0,0,0,0,0,0,0,0,0,0,0,0,0,0,0,0,0,0,0
1511,"1721511","Sesimbra",0,0,0,0,0,0,0,0,0,0,0,0,0,0,0,0,0,0,0,0,0,0,0
1512,"1721512","Setúbal",10301,8983,9011,9471,9245,10227,9250,9528,10134,9634,11417,9245,8985,9598,9858,9253,9473,10080,10431,9127,11139,9737,11348
1501,"1811501","Alcácer do Sal",0,0,0,0,0,0,0,0,0,0,0,0,0,0,0,0,0,0,0,0,0,0,0
1505,"1811505","Grândola",11168,9239,9638,9947,9684,10424,10360,10402,10599,10420,11865,9577,10062,10108,10570,9916,10255,11087,11270,10171,11511,10442,12286
211,"1810211","Odemira",11058,9431,9546,10043,10145,10375,10452,10302,10471,10752,12011,9503,10425,10334,11285,9836,9989,11640,11108,10380,11815,11131,12385
1509,"1811509","Santiago do Cacém",0,0,0,0,0,0,0,0,0,0,0,0,0,0,0,0,0,0,0,0,0,0,0
1513,"1811513","Sines",0,0,0,0,0,0,0,0,0,10085,11403,9532,9881,10004,10524,0,0,0,0,0,0,0,12092
1201,"1821201","Alter do Chão",0,0,0,0,0,0,0,0,0,0,0,0,0,0,0,0,0,0,0,0,0,0,0
1202,"1821202","Arronches",0,0,0,0,0,0,0,0,0,0,0,0,0,0,0,0,0,0,0,0,0,0,0
1203,"1821203","Avis",10937,9494,9455,9759,10285,10710,9926,10074,10738,10066,12263,10292,9146,10294,10374,9322,0,0,10895,10311,0,9976,11919
1204,"1821204","Campo Maior",0,0,0,0,0,0,0,0,0,0,0,0,0,0,0,0,0,0,0,0,0,0,0
1205,"1821205","Castelo de Vide",0,0,0,0,0,0,0,0,0,0,0,0,0,0,0,0,0,0,0,0,0,0,0
1206,"1821206","Crato",0,0,0,0,0,0,0,0,0,0,0,0,0,0,0,0,0,0,0,0,0,0,0
1207,"1821207","Elvas",0,0,0,0,0,0,0,0,0,0,0,0,0,0,0,0,0,0,0,0,0,0,0
1208,"1821208","Fronteira",0,0,0,0,0,0,0,0,0,0,0,0,0,0,0,0,0,0,0,0,0,0,0
1209,"1821209","Gavião",0,0,0,0,0,0,0,0,0,0,0,0,0,0,0,0,0,0,0,0,0,0,0
1210,"1821210","Marvão",0,0,0,0,0,0,0,0,0,0,0,0,0,0,0,0,0,0,0,0,0,0,0
1211,"1821211","Monforte",0,0,0,0,0,0,0,0,0,0,0,0,0,0,0,0,0,0,0,0,0,0,0
707,"1820707","Mora",0,0,0,0,0,0,0,0,0,0,0,0,0,0,0,0,0,0,0,0,0,0,0
1212,"1821212","Nisa",0,0,0,0,0,0,0,0,0,0,0,0,0,0,0,0,0,0,0,0,0,0,0
1213,"1821213","Ponte de Sor",0,0,0,0,0,0,0,0,0,0,0,0,0,0,0,0,0,0,0,0,0,0,0
1214,"1821214","Portalegre",0,0,0,0,0,0,0,0,0,0,0,0,0,0,0,0,0,0,0,0,0,0,0
701,"1830701","Alandroal",0,0,0,0,0,0,0,0,0,0,0,0,0,0,0,0,0,0,0,0,0,0,0
702,"1830702","Arraiolos",0,0,0,0,0,0,0,0,0,0,0,0,0,0,0,0,0,0,0,0,0,0,0
703,"1830703","Borba",0,0,0,0,0,0,0,0,0,0,0,0,0,0,0,0,0,0,0,0,0,0,0
704,"1830704","Estremoz",0,0,0,0,0,0,0,0,0,0,0,0,0,0,0,0,0,0,0,0,0,0,0
705,"1830705","Évora",0,0,0,0,0,0,0,0,0,0,0,0,0,0,0,0,0,0,0,0,0,0,0
706,"1830706","Montemor-o-Novo",0,0,0,0,0,0,0,0,0,0,0,0,0,0,0,0,0,0,0,0,0,0,0
708,"1830708","Mourão",0,0,0,0,0,0,0,0,0,0,0,0,0,0,0,0,0,0,0,0,0,0,0
709,"1830709","Portel",0,0,0,0,0,0,0,0,0,0,0,0,0,0,0,0,0,0,0,0,0,0,0
710,"1830710","Redondo",0,0,0,0,0,0,0,0,0,0,0,0,0,0,0,0,0,0,0,0,0,0,0
711,"1830711","Reguengos de Monsaraz",0,0,0,0,0,0,0,0,0,0,0,0,0,0,0,0,0,0,0,0,0,0,0
1215,"1831215","Sousel",0,0,0,0,0,0,0,0,0,0,0,0,0,0,0,0,0,0,0,0,0,0,0
712,"1830712","Vendas Novas",0,0,0,0,0,0,0,0,0,0,0,0,0,0,0,0,0,0,0,0,0,0,0
713,"1830713","Viana do Alentejo",0,0,0,0,0,0,0,0,0,0,0,0,0,0,0,0,0,0,0,0,0,0,0
714,"1830714","Vila Viçosa",0,0,0,0,0,0,0,0,0,0,0,0,0,0,0,0,0,0,0,0,0,0,0
201,"1840201","Aljustrel",0,0,0,0,0,0,0,0,0,0,0,0,0,0,0,0,0,0,0,0,0,0,0
202,"1840202","Almodôvar",0,0,0,0,0,0,0,0,0,0,0,0,0,0,0,0,0,0,0,0,0,0,0
203,"1840203","Alvito",0,0,0,0,0,0,0,0,0,0,0,9828,11437,9409,12347,0,0,0,0,0,0,0,14073
204,"1840204","Barrancos",0,0,0,0,0,0,0,0,0,0,0,0,0,0,0,0,0,0,0,0,0,0,0
205,"1840205","Beja",0,0,0,0,0,0,0,0,0,0,0,0,0,0,0,0,0,0,0,0,0,0,0
206,"1840206","Castro Verde",0,0,0,0,0,0,0,0,0,0,0,0,0,0,0,0,0,0,0,0,0,0,0
207,"1840207","Cuba",0,0,0,0,0,0,0,0,0,0,0,0,0,0,0,0,0,0,0,0,0,0,0
208,"1840208","Ferreira do Alentejo",0,0,0,0,0,0,0,0,0,0,0,0,0,0,0,0,0,0,0,0,0,0,0
209,"1840209","Mértola",0,0,0,0,0,0,0,0,0,0,0,0,0,0,0,0,0,0,0,0,0,0,0
210,"1840210","Moura",0,0,0,0,0,0,0,0,0,0,0,0,0,0,0,0,0,0,0,0,0,0,0
212,"1840212","Ourique",0,0,0,0,0,0,0,0,0,0,0,0,0,0,0,0,0,0,0,0,0,0,0
213,"1840213","Serpa",0,0,0,0,0,0,0,0,0,0,0,0,0,0,0,0,0,0,0,0,0,0,0
214,"1840214","Vidigueira",0,0,0,0,0,0,0,0,0,0,0,0,0,0,0,0,0,0,0,0,0,0,0
1403,"1851403","Almeirim",0,0,0,0,0,0,0,0,0,0,0,0,0,0,0,0,0,0,0,0,0,0,0
1404,"1851404","Alpiarça",9942,8813,9121,9269,9024,10107,8983,8970,9663,9080,10890,9166,8269,9260,9037,8654,9101,9343,10155,8902,10187,8739,10832
1103,"1851103","Azambuja",0,0,0,0,0,0,0,0,0,0,0,0,0,0,0,0,0,0,0,0,0,0,0
1405,"1851405","Benavente",9952,8739,8584,9431,8998,10343,8883,9190,9830,9086,10933,9208,8557,9702,9206,9221,9462,9612,10478,9031,10754,9383,11191
1406,"1851406","Cartaxo",0,0,0,0,0,0,0,0,0,0,0,0,0,0,0,0,0,0,0,0,0,0,0
1407,"1851407","Chamusca",10077,8870,8507,9722,9313,10037,9182,9162,9841,9257,11134,9304,8198,9608,9149,8698,9163,9913,10385,9066,10081,9213,10971
1409,"1851409","Coruche",0,0,0,0,0,0,0,0,0,0,0,0,0,0,0,0,0,0,0,0,0,0,0
1412,"1851412","Golegã",10274,8074,8989,8204,9226,8235,9676,8695,9755,9926,11610,8570,8848,7454,10135,9198,7992,9601,9940,8931,10538,8244,11423
1414,"1851414","Rio Maior",0,0,0,0,0,0,0,0,0,0,0,0,0,0,0,0,0,0,0,0,0,0,0
1415,"1851415","Salvaterra de Magos",10094,8595,8863,9329,9112,9786,9167,9081,9834,9391,11139,9165,8660,8931,9594,9140,9025,9566,10295,9054,10691,9070,11259
1416,"1851416","Santarém",9774,8461,8425,8426,8796,8495,9064,8721,9786,9316,11033,8263,8300,8094,9617,8828,8367,9337,9858,8518,10424,8920,10697
801,"1500801","Albufeira",0,0,0,0,0,0,0,0,0,0,0,0,0,0,0,0,0,0,0,0,0,0,0
802,"1500802","Alcoutim",0,0,0,0,0,0,0,0,0,0,0,0,0,0,0,0,0,0,0,0,0,0,0
803,"1500803","Aljezur",0,0,0,0,0,0,0,0,0,0,0,0,0,0,0,0,0,0,0,0,0,0,0
804,"1500804","Castro Marim",0,0,0,0,0,0,0,0,0,0,0,0,0,0,0,0,0,0,0,0,0,0,0
805,"1500805","Faro",13057,10160,11615,11301,11363,11361,11891,11246,11803,11945,12947,11215,12321,11544,13201,11452,11446,13483,12327,11771,13401,12583,13715
806,"1500806","Lagoa",0,0,0,0,0,0,0,0,0,0,0,0,0,0,0,0,0,0,0,0,0,0,0
807,"1500807","Lagos",0,0,0,0,0,0,0,0,0,0,0,0,0,0,0,0,0,0,0,0,0,0,0
808,"1500808","Loulé",0,0,0,0,0,0,0,0,0,0,0,0,0,0,0,0,0,0,0,0,0,0,0
809,"1500809","Monchique",0,0,0,0,0,0,0,0,0,0,0,0,0,0,0,0,0,0,0,0,0,0,0
810,"1500810","Olhão",0,0,0,0,0,0,0,0,0,0,0,0,0,0,0,0,0,0,0,0,0,0,0
811,"1500811","Portimão",0,0,0,0,0,0,0,0,0,0,0,0,0,0,0,0,0,0,0,0,0,0,0
812,"1500812","São Brás de Alportel",0,0,0,0,0,0,0,0,0,0,0,0,0,0,0,0,0,0,0,0,0,0,0
813,"1500813","Silves",0,0,0,0,0,0,0,0,0,0,0,0,0,0,0,0,0,0,0,0,0,0,0
814,"1500814","Tavira",13165,10241,11336,11204,11428,11152,12031,11376,11823,11923,13020,10932,12426,11342,13329,11156,11462,13782,12663,11956,13158,12457,13883
815,"1500815","Vila do Bispo",0,0,0,0,0,0,0,0,0,0,0,0,0,0,0,0,0,0,0,0,0,0,0
816,"1500816","Vila Real de Santo António",0,0,0,0,0,0,0,0,0,0,0,0,0,0,0,0,0,0,0,0,0,0,0
