"","Muni_ID","ID","Muni","X1987","X1988","X1989","X1990","X1991","X1992","X1993","X1994","X1995","X1996","X1997","X1998","X1999","X2000","X2001","X2002","X2003","X2004","X2005","X2006","X2007","X2008","X2009","X2010","X2011","X2012","X2013","X2014","X2015","X2016","X2017"
"1",1601,"1111601","Arcos de Valdevez",32,42,18,24,16,17,38,26,23,28,37,61,45,44,48,45,45,28,43,15,20,4,9,16,10,17,11,-3,-2,-7,-11
"2",1602,"1111602","Caminha",107,114,94,105,102,117,140,134,145,148,126,179,172,150,174,156,161,163,148,119,147,134,137,129,131,134,95,54,87,30,63
"3",1603,"1111603","Melgaço",59,67,49,53,46,47,44,36,36,6,-20,60,55,5,26,-10,-7,49,57,26,59,47,20,32,51,55,-3,-24,34,-26,21
"4",1604,"1111604","Monção",56,67,44,52,44,47,57,46,50,42,39,79,62,59,70,28,40,38,49,20,24,14,25,29,27,33,21,-13,17,-14,8
"5",1605,"1111605","Paredes de Coura",94,105,81,92,86,100,101,88,94,40,49,91,64,47,52,43,53,51,60,27,53,42,24,30,50,56,23,8,35,4,23
"6",1606,"1111606","Ponte da Barca",43,52,32,37,29,26,46,36,37,56,49,92,87,75,89,70,80,87,89,77,91,88,97,101,91,92,68,29,53,9,35
"7",1607,"1111607","Ponte de Lima",60,76,57,65,60,64,76,65,70,38,44,89,62,48,50,48,54,59,65,30,56,47,28,35,49,54,27,13,35,8,25
"8",1608,"1111608","Valença",73,92,71,82,78,91,113,96,98,60,66,121,94,73,77,73,76,73,82,35,58,44,23,43,51,56,22,8,41,9,32
"9",1609,"1111609","Viana do Castelo",108,113,97,105,104,114,125,118,126,82,78,121,106,75,91,78,85,89,89,49,84,72,46,57,74,79,45,31,60,26,47
"10",1610,"1111610","Vila Nova de Cerveira",95,114,90,103,98,112,125,114,125,68,75,128,96,74,78,74,90,89,92,58,90,72,45,54,75,84,44,31,69,32,58
"11",301,"1120301","Amares",63,72,54,62,58,64,100,86,84,104,105,129,128,130,140,151,163,124,114,109,115,110,118,122,113,114,108,99,100,95,94
"12",302,"1120302","Barcelos",114,120,98,112,112,134,242,228,233,489,510,296,217,237,281,288,350,237,182,190,259,187,155,160,157,165,159,104,158,107,141
"13",303,"1120303","Braga",91,99,79,89,87,100,110,100,106,85,90,104,88,88,91,102,123,86,80,65,98,74,62,74,75,79,62,47,59,40,46
"14",306,"1120306","Esposende",120,127,108,120,119,135,178,167,173,172,180,209,173,139,154,182,200,185,155,138,208,158,97,106,143,150,103,88,135,85,118
"15",310,"1120310","Terras de Bouro",34,44,20,26,17,14,37,26,26,39,34,69,55,42,49,24,47,55,66,64,76,60,68,74,66,71,49,15,43,7,31
"16",313,"1120313","Vila Verde",53,62,42,48,42,48,58,43,39,-3,-1,60,47,17,15,6,13,26,39,13,31,22,3,21,33,38,8,-6,20,-10,9
"17",307,"1130307","Fafe",26,36,15,21,12,11,17,-2,-11,-14,-2,42,27,-1,0,-12,22,36,49,47,84,78,52,55,83,82,36,11,34,-15,10
"18",308,"1130308","Guimarães",79,87,68,79,77,90,109,96,96,76,57,110,93,64,76,71,94,92,87,80,106,84,65,53,83,91,49,31,72,27,55
"19",309,"1130309","Póvoa de Lanhoso",50,59,40,47,41,44,61,48,50,49,46,75,61,54,57,27,45,33,45,16,21,14,27,33,26,32,26,-14,12,-15,-1
"20",1314,"1131314","Santo Tirso",105,112,92,106,106,127,142,128,132,82,79,106,89,70,74,103,104,80,74,59,88,73,61,49,62,70,44,29,50,24,36
"21",1318,"1131318","Trofa",0,0,0,0,0,0,544,552,582,477,507,313,230,253,296,396,388,249,189,194,265,197,170,174,169,175,169,157,162,154,143
"22",311,"1130311","Vieira do Minho",36,46,26,32,24,24,56,45,48,64,68,93,72,71,76,68,72,50,60,25,30,19,26,32,27,34,28,14,15,8,5
"23",312,"1130312","Vila Nova de Famalicão",90,98,76,91,92,114,183,172,180,278,297,201,149,161,185,245,273,174,139,148,210,152,131,131,126,133,128,116,121,115,105
"24",314,"1130314","Vizela",0,0,0,0,18,18,79,67,73,47,49,70,52,53,54,53,66,41,52,45,56,34,38,47,40,48,41,25,30,25,19
"25",107,"1140107","Espinho",69,80,59,66,60,64,73,61,75,57,71,94,81,85,92,114,134,105,99,103,140,130,156,114,108,92,85,80,209,197,79
"26",1304,"1141304","Gondomar",59,73,50,62,56,66,80,69,74,79,82,104,82,86,91,93,87,61,68,41,50,39,49,51,43,52,44,29,32,26,22
"27",1306,"1141306","Maia",102,108,85,98,99,122,186,169,173,267,278,207,160,170,194,257,248,164,132,132,177,136,123,122,115,126,118,104,116,102,97
"28",1308,"1141308","Matosinhos",132,136,113,128,132,161,270,246,246,479,502,309,218,240,286,392,317,203,153,137,195,145,132,133,128,133,129,116,120,114,103
"29",1312,"1141312","Porto",0,0,0,0,0,0,0,0,0,0,0,0,0,0,0,0,41,27,35,26,28,18,21,27,23,30,26,15,17,12,8
"30",1313,"1141313","Póvoa de Varzim",150,157,134,154,160,190,350,330,333,708,753,450,316,352,422,566,477,328,248,253,343,249,201,207,205,213,209,204,216,211,200
"31",1315,"1141315","Valongo",106,117,96,116,123,154,224,198,186,219,225,204,167,180,205,279,650,452,351,556,711,675,677,632,585,553,533,445,437,335,324
"32",1316,"1141316","Vila do Conde",153,156,133,155,164,203,423,397,397,1249,1352,485,303,347,444,700,517,316,229,229,340,235,185,186,180,185,177,171,183,181,169
"33",1317,"1141317","Vila Nova de Gaia",72,82,61,71,68,80,94,83,88,86,92,110,92,94,101,132,109,70,72,44,56,57,79,46,40,36,32,18,22,17,15
"34",1301,"1151301","Amarante",53,65,45,54,48,55,70,59,65,62,63,82,68,62,66,59,60,42,53,30,31,23,28,34,28,34,29,17,19,16,14
"35",1302,"1151302","Baião",36,43,28,33,29,29,44,32,33,37,38,54,49,40,43,35,47,31,42,25,26,19,24,29,25,30,26,16,19,14,14
"36",304,"1150304","Cabeceiras de Basto",46,56,40,44,40,38,58,45,46,62,63,85,72,63,66,57,60,48,57,31,37,28,32,38,37,42,33,22,26,16,18
"37",106,"1150106","Castelo de Paiva",58,70,51,59,52,56,73,61,67,67,68,87,74,67,69,61,58,43,52,24,24,21,26,32,29,33,28,16,18,11,11
"38",305,"1150305","Celorico de Basto",43,57,41,47,43,44,53,38,39,19,18,50,34,26,26,15,21,16,24,8,12,11,8,13,19,25,11,-4,9,-8,2
"39",1804,"1151804","Cinfães",36,48,30,36,30,30,52,39,44,47,50,80,56,51,55,45,40,31,43,11,13,9,5,10,13,19,8,-4,6,-6,1
"40",1303,"1151303","Felgueiras",67,88,64,78,71,85,88,69,74,56,62,91,61,62,64,66,87,70,77,60,89,53,59,69,71,78,62,47,56,42,46
"41",1305,"1151305","Lousada",73,79,60,67,63,76,97,77,73,77,80,98,80,83,87,93,100,66,73,57,68,46,49,57,51,59,52,36,40,32,26
"42",1307,"1151307","Marco de Canaveses",47,58,41,48,43,45,60,48,52,51,52,73,62,57,60,52,53,34,46,17,17,11,20,24,19,24,20,8,10,6,6
"43",1705,"1151705","Mondim de Basto",46,57,38,44,37,35,59,46,51,63,66,89,68,65,68,59,60,42,56,23,24,16,19,25,21,26,20,7,10,3,2
"44",1309,"1151309","Paços de Ferreira",86,95,76,86,83,96,106,90,97,79,82,105,79,80,84,80,92,60,65,41,60,46,46,50,52,60,46,30,38,25,31
"45",1310,"1151310","Paredes",56,68,49,58,52,60,73,59,64,59,60,88,68,69,73,70,70,46,56,27,37,24,28,32,30,37,24,8,14,1,2
"46",1311,"1151311","Penafiel",61,73,55,65,60,67,75,61,66,55,57,80,65,65,66,64,66,47,58,38,44,30,35,42,37,42,34,20,26,19,18
"47",1813,"1151813","Resende",37,44,32,35,32,31,39,29,31,39,40,61,60,56,61,56,46,37,45,23,25,18,22,26,25,28,23,14,20,12,15
"48",1709,"1151709","Ribeira de Pena",43,53,37,41,38,36,54,41,43,48,49,70,59,50,53,46,53,41,51,37,41,32,31,38,37,42,34,23,26,17,18
"49",104,"1160104","Arouca",73,80,61,71,68,78,86,76,81,67,67,79,72,64,68,68,76,56,59,52,61,47,48,53,47,54,50,38,42,36,32
"50",113,"1160113","Oliveira de Azeméis",142,149,128,148,155,185,278,274,290,377,393,306,242,262,298,371,374,251,200,182,256,183,154,157,150,154,147,138,145,140,130
"51",109,"1160109","Santa Maria da Feira",79,88,67,78,73,84,106,99,111,103,106,118,91,94,97,105,116,79,81,63,80,55,57,62,56,62,57,42,46,38,33
"52",116,"1160116","São João da Madeira",116,125,101,118,117,138,143,131,141,0,0,0,0,0,0,0,0,0,0,0,0,0,0,0,0,0,0,0,0,0,0
"53",119,"1160119","Vale de Cambra",99,105,88,101,102,123,124,116,124,60,63,84,73,73,77,83,110,76,77,69,84,67,75,80,70,74,68,51,51,43,38
"54",1701,"1171701","Alijó",32,34,28,30,30,27,34,29,31,30,31,36,30,29,30,27,30,23,25,23,24,19,19,23,22,23,22,18,20,18,17
"55",1801,"1171801","Armamar",17,15,12,17,14,14,13,10,13,14,10,10,13,12,14,11,14,10,11,10,11,7,8,10,9,9,9,6,9,6,7
"56",403,"1170403","Carrazeda de Ansiães",23,24,16,22,18,19,19,17,19,18,15,20,18,18,21,15,20,14,17,15,16,11,11,15,13,14,14,10,12,10,8
"57",404,"1170404","Freixo de Espada à Cinta",27,39,18,24,17,22,28,27,30,25,21,35,28,29,32,22,29,20,24,21,23,16,16,21,19,22,22,16,18,17,11
"58",1805,"1171805","Lamego",19,17,14,20,17,17,14,12,15,15,11,12,15,13,16,11,15,11,13,11,11,8,8,11,9,10,9,7,10,7,7
"59",1704,"1171704","Mesão Frio",20,8,21,24,19,13,11,15,15,21,6,10,19,13,22,12,14,11,13,11,10,8,9,12,11,9,10,7,10,7,9
"60",1807,"1171807","Moimenta da Beira",33,38,25,32,28,33,39,35,40,41,43,58,59,59,59,55,48,41,46,35,38,36,40,41,40,37,34,30,29,25,24
"61",1812,"1171812","Penedono",20,26,13,19,16,20,22,18,23,22,22,30,25,25,28,21,31,21,27,26,30,24,28,33,32,34,31,26,27,24,23
"62",1708,"1171708","Peso da Régua",14,6,9,16,12,9,7,7,10,13,8,7,13,11,13,9,12,7,9,8,6,4,5,8,6,6,6,5,7,4,4
"63",1710,"1171710","Sabrosa",19,13,13,18,15,14,15,14,16,19,14,19,24,22,25,19,32,27,31,36,31,38,47,48,43,40,36,27,23,13,14
"64",1711,"1171711","Santa Marta de Penaguião",18,10,12,18,15,13,10,9,12,14,9,9,14,12,15,10,13,8,11,10,8,5,6,9,7,7,7,6,7,5,5
"65",1815,"1171815","São João da Pesqueira",24,26,16,22,18,19,19,17,20,19,14,19,18,18,20,14,18,12,16,13,13,8,9,13,11,12,12,9,10,9,7
"66",1818,"1171818","Sernancelhe",29,33,22,29,25,29,29,26,29,28,28,36,33,32,34,28,43,35,40,41,43,44,53,56,54,52,48,42,39,33,32
"67",1819,"1171819","Tabuaço",22,22,17,22,20,18,17,15,17,17,13,15,16,15,17,12,16,10,13,12,11,7,8,11,10,10,10,8,9,7,6
"68",1820,"1171820","Tarouca",32,32,25,30,27,29,34,31,34,33,32,44,53,49,48,44,48,44,49,48,46,52,66,64,59,54,49,38,33,22,22
"69",409,"1170409","Torre de Moncorvo",30,44,20,27,20,25,32,31,34,29,24,41,33,34,37,27,38,27,32,31,33,27,29,35,32,35,34,25,25,23,16
"70",410,"1170410","Vila Flor",24,30,18,23,19,21,28,25,28,27,25,35,28,28,30,23,28,19,25,19,21,15,15,20,19,21,19,15,16,14,12
"71",914,"1170914","Vila Nova de Foz Côa",27,35,18,24,18,21,25,24,26,24,18,31,26,26,29,18,25,18,21,17,18,13,12,16,15,17,17,7,14,6,10
"72",1714,"1171714","Vila Real",25,24,17,22,18,20,28,26,28,31,27,36,36,35,36,23,37,29,34,33,33,32,36,37,35,32,29,13,22,11,16
"73",401,"1180401","Alfândega da Fé",32,46,21,28,21,28,37,34,37,34,30,49,39,39,43,26,38,27,34,27,32,22,22,29,28,32,28,7,22,15,15
"74",1702,"1181702","Boticas",19,26,11,18,15,20,22,18,23,18,20,37,33,34,34,26,38,24,35,28,32,27,40,44,40,41,31,-6,12,-1,-3
"75",402,"1180402","Bragança",14,22,7,13,10,16,20,15,21,17,19,29,21,22,27,19,25,15,23,16,21,12,14,20,20,21,17,7,12,9,8
"76",1703,"1181703","Chaves",19,25,12,19,16,19,20,17,21,18,18,28,24,25,28,21,31,22,30,26,28,24,32,35,32,33,27,0,17,-3,9
"77",405,"1180405","Macedo de Cavaleiros",23,28,17,22,19,22,28,23,27,25,25,34,26,26,30,23,32,22,29,25,28,22,26,30,28,29,25,6,16,9,12
"78",406,"1180406","Miranda do Douro",30,31,23,31,20,25,31,30,33,28,29,36,32,32,33,26,32,24,29,22,23,18,20,23,22,21,18,10,16,12,12
"79",407,"1180407","Mirandela",24,28,18,22,20,21,27,23,26,24,23,33,28,28,31,24,34,25,30,29,30,26,30,33,31,32,30,13,22,18,16
"80",408,"1180408","Mogadouro",28,32,20,27,19,23,34,32,35,33,34,43,37,38,38,33,40,31,36,34,36,30,30,35,34,32,31,16,26,23,20
"81",1706,"1181706","Montalegre",11,18,4,9,7,13,13,10,14,9,8,23,20,21,20,12,15,3,10,0,2,-8,-5,-4,-4,-4,-9,-20,-19,-32,-30
"82",1707,"1181707","Murça",19,21,12,18,15,16,18,16,19,20,16,23,21,20,23,17,23,15,20,17,18,13,14,18,16,18,16,12,13,11,10
"83",1712,"1181712","Valpaços",18,24,11,17,14,17,21,17,22,21,18,30,25,25,29,9,27,18,25,21,24,17,18,21,22,25,20,3,16,1,12
"84",1713,"1181713","Vila Pouca de Aguiar",34,39,24,31,28,36,44,39,43,45,46,62,56,57,57,52,56,43,49,41,45,39,45,47,44,42,36,19,23,16,14
"85",411,"1180411","Vimioso",14,18,7,13,7,12,19,15,19,17,17,25,18,19,21,15,24,14,21,18,21,14,15,20,19,20,17,11,14,13,11
"86",412,"1180412","Vinhais",17,24,10,16,13,20,26,21,26,24,24,36,27,28,32,20,31,21,30,23,30,20,22,25,28,31,24,13,19,8,15
"87",101,"1610101","Águeda",51,59,43,52,52,60,60,47,46,33,33,77,72,75,90,79,116,81,78,71,82,65,58,62,42,44,37,-3,42,8,19
"88",102,"1610102","Albergaria-a-Velha",83,89,73,81,86,102,142,134,138,170,181,173,135,148,175,209,228,161,141,133,161,141,136,139,112,109,95,98,107,106,93
"89",103,"1610103","Anadia",48,49,39,47,43,44,46,41,42,41,39,55,43,42,50,50,65,50,55,48,46,41,43,47,34,36,28,23,27,21,17
"90",105,"1610105","Aveiro",64,71,55,61,63,73,84,74,79,65,68,79,52,51,60,70,67,38,45,19,19,6,6,13,-5,3,-4,-14,-2,-12,-33
"91",108,"1610108","Estarreja",69,75,58,64,64,75,111,100,104,167,171,123,78,82,92,104,103,61,57,53,66,42,37,41,31,26,27,21,21,14,5
"92",110,"1610110","Ílhavo",57,64,47,55,56,65,86,80,87,101,104,163,165,184,220,251,284,206,174,147,163,145,137,123,84,70,43,24,14,9,-5
"93",111,"1610111","Mealhada",93,94,85,93,97,101,108,114,119,123,126,151,120,123,138,150,143,126,127,88,88,92,103,102,81,77,62,59,63,60,54
"94",112,"1610112","Murtosa",100,105,89,97,102,120,199,190,198,321,318,193,120,132,145,171,169,107,92,94,123,86,71,75,65,58,58,53,54,47,38
"95",114,"1610114","Oliveira do Bairro",45,50,36,43,39,42,45,37,39,33,32,45,31,29,34,31,43,25,32,23,25,11,7,12,-1,4,-3,-10,-8,-16,-25
"96",115,"1610115","Ovar",107,111,95,101,108,129,238,230,240,537,572,321,200,228,264,337,289,182,143,148,195,156,139,135,121,108,104,103,108,104,94
"97",117,"1610117","Sever do Vouga",131,133,124,139,156,195,184,175,176,102,107,166,174,207,255,330,444,300,235,300,358,337,337,319,267,246,212,209,217,214,203
"98",118,"1610118","Vagos",73,79,63,68,70,81,112,106,114,131,139,147,117,127,144,154,140,96,90,55,64,49,45,51,37,37,32,25,27,20,11
"99",602,"1620602","Cantanhede",64,67,54,60,59,64,74,68,70,69,69,75,54,53,58,57,74,54,54,51,56,44,40,43,33,31,26,21,26,15,10
"100",603,"1620603","Coimbra",43,48,35,40,37,39,38,28,28,19,17,37,18,15,23,17,21,4,17,-12,-14,-27,-31,-24,-43,-30,-38,-48,-45,-55,-68
"101",604,"1620604","Condeixa-a-Nova",36,40,29,33,31,29,32,26,28,30,29,42,28,26,29,24,28,17,25,9,8,-1,-1,4,-4,0,-3,-10,-6,-12,-17
"102",605,"1620605","Figueira da Foz",46,52,37,40,37,47,49,40,39,34,37,50,27,25,25,18,23,8,18,3,3,-7,-9,-9,-19,-15,-22,-24,-23,-28,-35
"103",608,"1620608","Mira",52,60,44,51,48,57,72,62,66,63,66,81,64,70,81,85,126,81,73,86,104,84,75,76,60,53,44,34,33,24,17
"104",610,"1620610","Montemor-o-Velho",36,42,26,29,27,34,46,35,34,39,41,55,27,24,28,19,27,9,21,-2,-3,-18,-22,-15,-32,-24,-31,-38,-37,-47,-59
"105",613,"1620613","Penacova",27,35,18,26,19,21,28,18,20,25,26,46,30,30,38,33,35,19,26,2,-1,-7,-5,0,-12,-10,-17,-27,-25,-33,-38
"106",615,"1620615","Soure",28,34,21,25,24,23,23,16,15,7,5,21,4,0,5,-2,52,39,49,88,94,99,108,107,85,86,72,79,89,93,85
"107",1004,"1631004","Batalha",70,68,64,68,69,67,85,82,83,88,87,131,142,150,167,184,179,154,142,92,97,97,104,106,90,86,76,75,81,77,75
"108",1009,"1631009","Leiria",105,109,97,105,107,112,131,125,130,130,134,175,169,175,193,212,235,205,198,198,212,220,234,225,188,172,146,154,172,167,160
"109",1010,"1631010","Marinha Grande",85,91,75,79,76,84,129,126,132,226,240,269,241,248,265,289,190,150,145,18,14,-2,-7,0,-15,-9,-17,-25,-23,-30,-42
"110",1015,"1631015","Pombal",49,54,41,47,47,50,56,50,52,51,52,79,70,70,83,86,97,77,78,66,66,66,73,69,47,46,30,26,32,26,19
"111",1016,"1631016","Porto de Mós",63,61,57,57,61,58,63,60,60,63,61,69,62,59,60,57,77,68,68,102,111,108,109,107,95,89,79,79,87,74,76
"112",1002,"1641002","Alvaiázere",26,27,21,22,23,18,33,29,31,46,44,58,52,50,54,52,56,47,48,44,45,45,48,49,47,45,43,39,45,41,40
"113",1003,"1641003","Ansião",41,42,37,38,40,36,38,36,38,40,40,52,41,38,40,35,41,34,37,34,35,36,44,43,37,35,28,26,34,32,32
"114",601,"1640601","Arganil",29,36,21,27,22,21,33,25,28,37,36,52,37,35,41,37,38,26,33,23,25,17,20,25,14,16,9,3,9,5,0
"115",1007,"1641007","Castanheira de Pêra",19,24,10,14,9,8,12,5,10,19,18,30,18,16,17,11,34,22,26,35,36,30,29,31,27,25,21,14,16,11,10
"116",1008,"1641008","Figueiró dos Vinhos",35,40,26,32,27,28,29,21,23,22,21,36,25,22,25,21,32,20,23,28,27,23,22,25,19,20,15,7,10,5,3
"117",606,"1640606","Góis",43,50,34,42,37,39,54,42,42,56,60,79,66,67,73,69,67,50,56,24,25,21,23,26,15,15,10,4,8,1,-3
"118",607,"1640607","Lousã",44,50,36,42,38,38,51,41,43,53,52,79,70,73,82,82,148,113,103,150,152,147,147,134,102,81,58,34,25,6,1
"119",609,"1640609","Miranda do Corvo",41,46,34,38,35,35,43,36,38,46,45,63,53,53,58,57,52,39,42,17,13,10,15,18,11,10,7,0,5,-1,-2
"120",611,"1640611","Oliveira do Hospital",56,60,48,55,53,56,49,43,48,38,39,55,41,41,45,40,162,127,111,247,253,249,258,227,182,147,110,85,71,48,46
"121",612,"1640612","Pampilhosa da Serra",33,37,27,29,28,25,33,24,26,32,29,43,35,33,37,34,49,38,40,42,40,36,36,36,31,30,27,19,22,16,16
"122",1013,"1641013","Pedrógão Grande",26,30,18,22,20,16,22,18,20,28,23,36,24,18,20,15,30,21,25,29,27,21,21,24,19,21,19,10,16,9,6
"123",614,"1640614","Penela",32,34,25,29,29,27,35,31,32,39,36,48,37,34,37,31,32,25,29,15,16,9,11,13,12,13,11,7,12,7,9
"124",616,"1640616","Tábua",29,34,20,26,21,20,25,18,21,27,26,41,25,22,26,18,20,9,16,1,4,-8,-5,-1,-6,-4,-7,-11,-4,-10,-11
"125",617,"1640617","Vila Nova de Poiares",37,44,17,35,30,32,35,24,27,25,24,44,28,26,33,15,30,15,23,14,14,5,3,-9,0,1,-3,-9,-5,-24,-13
"126",901,"1650901","Aguiar da Beira",33,35,26,35,30,34,49,38,39,44,47,62,47,46,50,46,70,53,61,61,69,66,70,75,65,66,63,64,71,71,66
"127",1802,"1651802","Carregal do Sal",48,54,41,49,44,49,59,47,44,56,60,81,70,68,74,71,66,56,63,49,52,51,63,65,57,56,51,51,59,57,56
"128",1803,"1651803","Castro Daire",42,48,34,44,45,52,61,44,41,40,44,66,55,56,66,69,88,62,66,64,75,64,60,67,46,52,42,44,52,49,39
"129",1806,"1651806","Mangualde",36,43,28,36,30,32,36,26,28,33,34,51,35,35,41,31,41,28,34,14,16,8,10,10,8,10,6,1,7,-4,-2
"130",1808,"1651808","Mortágua",72,77,64,75,79,92,112,112,116,127,134,201,198,225,278,319,391,298,251,262,276,267,265,246,196,168,124,106,95,72,64
"131",1809,"1651809","Nelas",33,36,25,32,27,27,26,19,20,24,23,34,24,24,26,22,38,30,36,39,38,38,43,46,41,43,39,36,42,40,39
"132",1810,"1651810","Oliveira de Frades",88,94,81,93,99,124,232,211,200,300,345,347,316,342,376,434,449,349,307,308,394,370,358,348,306,290,264,284,311,331,321
"133",1811,"1651811","Penalva do Castelo",31,36,22,29,22,22,30,21,22,27,27,40,27,25,29,24,30,18,27,15,12,5,5,10,1,5,1,-4,-1,-6,-11
"134",1814,"1651814","Santa Comba Dão",97,99,92,102,106,120,134,124,118,133,142,218,234,251,280,306,293,246,227,181,186,191,217,201,166,148,122,112,111,100,96
"135",1816,"1651816","São Pedro do Sul",73,79,67,78,82,99,96,79,73,50,58,82,70,71,80,85,124,96,97,111,131,125,128,130,107,107,97,102,115,120,109
"136",1817,"1651817","Sátão",31,35,23,31,25,27,45,34,36,44,46,82,81,88,106,120,141,106,102,89,96,93,94,96,78,78,67,67,72,69,62
"137",1821,"1651821","Tondela",91,94,86,96,97,111,130,123,121,138,151,171,143,149,165,181,182,156,154,137,151,154,163,160,135,126,110,118,133,141,135
"138",1822,"1651822","Vila Nova de Paiva",52,50,45,57,58,67,93,79,80,72,80,111,109,120,144,165,243,179,166,200,238,222,214,203,175,166,146,147,157,149,141
"139",1823,"1651823","Viseu",34,39,26,33,29,30,42,32,31,43,44,66,58,58,67,69,64,49,53,29,28,22,23,28,16,20,14,9,14,9,6
"140",1824,"1651824","Vouzela",62,68,56,65,67,81,127,110,103,127,146,176,170,185,208,240,295,227,200,235,279,252,234,227,191,177,155,158,167,168,158
"141",1413,"1661413","Mação",19,20,16,20,19,20,28,25,27,33,33,42,40,38,37,32,36,29,31,31,29,26,28,30,27,25,24,21,19,18,17
"142",506,"1660506","Oleiros",32,36,28,32,29,29,34,30,31,32,34,43,40,38,39,33,62,50,55,108,103,106,123,120,111,105,96,86,79,74,74
"143",508,"1660508","Proença-a-Nova",20,24,17,20,18,19,24,20,22,13,12,24,23,19,18,11,26,19,23,24,24,20,22,24,23,20,20,16,15,15,12
"144",509,"1660509","Sertã",35,39,31,35,31,34,41,37,37,44,43,57,54,50,51,43,54,43,50,57,53,49,55,57,50,51,48,42,42,40,40
"145",510,"1660510","Vila de Rei",33,35,29,33,30,32,48,45,46,94,99,101,86,84,86,81,93,80,80,89,86,82,88,90,87,88,86,81,80,78,78
"146",905,"1670905","Fornos de Algodres",22,24,18,21,19,21,23,19,19,17,18,24,18,17,19,14,22,12,19,18,18,12,15,17,13,13,11,6,7,8,6
"147",906,"1670906","Gouveia",18,17,12,17,14,15,16,14,15,15,14,17,15,16,16,13,19,12,16,16,15,13,15,16,15,14,13,12,11,11,9
"148",912,"1670912","Seia",18,20,13,19,16,18,23,19,19,16,16,24,21,20,20,15,18,11,16,12,12,9,12,13,12,10,10,7,8,7,5
"149",902,"1680902","Almeida",12,13,8,11,8,13,24,20,22,24,21,24,20,18,18,15,16,11,12,10,7,3,3,4,2,-3,-4,-8,-11,-13,-17
"150",903,"1680903","Celorico da Beira",2,5,-5,-2,-7,-3,11,8,10,10,11,17,11,11,13,10,15,8,12,11,12,7,9,11,10,7,8,5,5,5,2
"151",904,"1680904","Figueira de Castelo Rodrigo",13,13,8,13,9,11,14,12,14,15,13,16,13,13,13,10,13,8,10,9,7,5,6,8,7,5,5,3,3,2,0
"152",907,"1680907","Guarda",17,23,14,16,14,20,30,26,28,33,30,37,27,26,29,26,29,21,25,19,22,13,13,15,14,14,10,6,8,7,3
"153",908,"1680908","Manteigas",8,11,0,7,2,4,17,14,17,15,15,26,24,25,26,21,25,17,22,19,22,17,18,22,21,21,20,17,17,15,13
"154",909,"1680909","Mêda",17,18,12,16,14,15,15,13,16,15,12,16,13,13,14,10,12,8,11,8,6,4,5,8,7,6,5,4,5,4,3
"155",910,"1680910","Pinhel",13,11,9,12,10,11,14,12,14,15,11,13,14,13,13,10,11,7,9,7,4,3,4,5,4,3,2,1,1,1,-1
"156",911,"1680911","Sabugal",19,24,16,19,15,25,33,28,30,25,20,30,27,23,24,20,19,12,14,0,-2,-8,-8,-7,-9,-13,-16,-22,-25,-30,-33
"157",913,"1680913","Trancoso",14,17,10,13,10,15,21,17,19,20,17,22,18,17,18,14,17,11,16,12,12,7,9,11,9,10,7,4,5,4,2
"158",502,"1690502","Castelo Branco",18,21,13,17,13,14,23,21,22,21,21,25,19,19,20,17,21,15,17,16,17,12,12,15,14,11,12,9,9,8,6
"159",505,"1690505","Idanha-a-Nova",14,20,9,13,6,7,29,29,24,17,16,22,13,12,11,4,16,5,10,9,12,0,-1,2,0,-2,-4,-11,-11,-14,-19
"160",507,"1690507","Penamacor",20,26,15,20,13,15,23,19,20,19,19,27,19,18,20,14,20,11,18,14,14,8,9,11,10,7,6,2,2,1,-1
"161",511,"1690511","Vila Velha de Ródão",17,19,14,16,15,16,28,25,26,24,24,35,31,31,30,25,26,18,21,13,14,8,10,14,13,11,11,7,6,4,2
"162",501,"16A0501","Belmonte",14,15,10,13,10,13,16,13,14,9,8,14,11,11,13,9,12,6,11,7,7,3,5,8,6,6,4,2,3,2,0
"163",503,"16A0503","Covilhã",12,14,8,12,10,13,21,18,19,15,14,22,18,17,18,13,17,11,16,12,11,7,8,10,9,9,6,3,5,3,2
"164",504,"16A0504","Fundão",19,24,17,21,17,21,29,25,26,22,20,28,24,22,23,18,22,15,21,17,16,12,14,16,14,12,12,9,9,9,7
"165",1001,"16B1001","Alcobaça",55,60,52,56,50,51,63,55,55,54,56,79,94,91,96,91,94,80,77,68,76,61,65,69,66,63,56,52,62,58,56
"166",1101,"16B1101","Alenquer",40,46,32,42,33,41,83,77,77,110,104,146,144,142,150,121,118,95,98,56,61,48,59,77,66,65,56,55,72,75,74
"167",1102,"16B1102","Arruda dos Vinhos",14,22,7,12,3,14,22,15,17,38,33,59,43,44,55,36,64,52,56,63,67,51,61,80,67,76,62,59,81,76,76
"168",1005,"16B1005","Bombarral",46,47,43,46,44,45,51,51,51,59,61,75,93,89,89,85,105,93,83,103,113,139,174,179,178,174,164,151,144,126,126
"169",1104,"16B1104","Cadaval",59,60,55,60,57,57,54,51,49,45,49,59,74,70,70,65,59,52,47,44,45,38,39,38,37,30,28,28,31,30,30
"170",1006,"16B1006","Caldas da Rainha",67,72,63,69,62,64,74,69,68,71,74,129,194,176,167,151,130,113,106,97,105,105,122,119,113,105,95,102,120,121,122
"171",1108,"16B1108","Lourinhã",90,100,82,88,77,82,105,94,90,104,108,138,141,143,164,139,173,137,127,160,188,170,184,207,189,172,140,132,152,153,150
"172",1011,"16B1011","Nazaré",73,84,64,72,65,68,84,72,74,72,72,108,123,122,124,117,112,93,95,64,70,53,58,67,61,77,62,49,69,63,60
"173",1012,"16B1012","Óbidos",31,38,26,31,25,28,42,36,36,55,61,75,83,80,81,83,92,68,60,91,127,125,142,123,107,95,75,66,71,62,61
"174",1014,"16B1014","Peniche",74,87,65,76,65,71,93,80,79,90,90,128,129,130,140,123,118,88,93,84,102,77,84,91,80,79,64,56,67,69,66
"175",1112,"16B1112","Sobral de Monte Agraço",39,46,30,37,26,33,34,24,27,34,30,51,34,34,39,24,51,36,46,48,55,34,42,62,50,58,44,38,58,48,43
"176",1113,"16B1113","Torres Vedras",59,66,51,60,48,53,67,62,63,80,78,102,96,95,104,86,103,83,82,89,107,95,107,123,107,94,79,74,85,85,83
"177",1401,"16C1401","Abrantes",23,28,18,26,21,22,29,24,26,27,23,34,24,22,21,15,19,11,20,11,11,-2,2,5,0,0,-3,-10,-4,7,3
"178",1402,"16C1402","Alcanena",35,38,32,34,34,33,36,32,35,32,33,40,36,33,32,28,32,26,29,27,27,21,25,28,26,27,26,20,25,35,33
"179",1408,"16C1408","Constância",14,23,7,14,9,9,25,14,17,23,22,29,20,18,17,12,-5,-14,3,-65,-67,-113,-118,-114,-136,-136,-143,-158,-153,-133,-143
"180",1410,"16C1410","Entroncamento",152,158,147,151,147,154,76,70,78,5,-6,11,-10,-16,-21,-33,-10,-19,8,-1,-1,-31,-31,-24,-30,-37,-42,-52,-41,-35,-37
"181",1411,"16C1411","Ferreira do Zêzere",86,92,84,87,83,86,108,103,114,127,129,160,175,165,165,167,196,177,159,199,227,286,345,350,382,362,343,320,312,285,294
"182",1421,"16C1421","Ourém",30,44,30,36,31,31,66,49,57,73,70,116,120,103,100,95,109,114,108,129,151,159,148,151,175,165,117,108,147,117,154
"183",1417,"16C1417","Sardoal",33,37,29,33,30,30,37,31,35,35,35,43,38,35,36,31,32,25,29,24,24,19,20,22,22,22,21,17,19,28,27
"184",1418,"16C1418","Tomar",50,57,48,52,50,51,58,49,54,59,60,82,78,74,73,67,64,56,59,50,51,50,59,65,63,61,49,42,57,63,68
"185",1419,"16C1419","Torres Novas",23,29,18,23,19,21,29,19,22,20,18,27,19,16,14,7,13,4,15,6,5,-9,-6,-3,-7,-5,-11,-17,-9,2,-1
"186",1420,"16C1420","Vila Nova da Barquinha",39,45,36,40,38,38,50,38,41,48,46,64,51,48,40,33,32,25,39,19,21,5,2,12,9,10,-4,-12,3,4,15
"187",1115,"1711115","Amadora",60,70,54,63,55,56,53,49,53,-200,-250,-176,-264,-244,-167,-196,-9,-20,-25,14,13,11,40,13,15,18,21,12,21,33,31
"188",1105,"1711105","Cascais",72,82,71,76,69,68,99,106,129,406,335,453,495,1087,1779,2443,1221,717,184,36,38,30,27,35,85,35,32,23,152,32,35
"189",1106,"1711106","Lisboa",0,0,0,0,0,0,0,0,0,0,0,0,0,0,0,0,89,71,82,65,73,56,55,66,67,73,62,51,59,52,54
"190",1107,"1711107","Loures",75,93,79,89,84,86,87,60,74,67,70,112,88,75,81,89,171,136,95,86,94,96,91,87,88,99,70,50,116,103,117
"191",1109,"1711109","Mafra",52,78,64,71,64,71,77,51,53,75,75,118,84,83,87,74,81,84,88,53,76,59,48,61,70,80,42,37,86,53,76
"192",1116,"1711116","Odivelas",0,0,0,0,24,27,68,34,40,18,33,66,60,66,72,69,98,101,104,41,43,35,31,33,38,35,31,22,44,35,36
"193",1110,"1711110","Oeiras",36,49,39,47,39,42,53,40,43,82,79,110,69,66,83,114,142,88,80,212,73,66,75,58,72,68,54,43,60,47,58
"194",1111,"1711111","Sintra",72,83,69,78,72,77,77,68,70,73,68,101,82,82,90,74,80,69,75,48,56,33,35,49,45,45,33,22,43,34,36
"195",1114,"1711114","Vila Franca de Xira",39,56,34,47,36,46,51,43,42,29,16,51,24,16,14,-3,5,1,19,-7,2,-20,-30,-21,-21,-17,-38,-48,-23,-30,-25
"196",1502,"1721502","Alcochete",61,90,71,78,69,75,93,62,67,58,59,94,62,63,64,54,51,53,60,21,36,19,-9,-4,19,24,-14,-27,13,-23,1
"197",1503,"1721503","Almada",58,68,46,56,46,49,64,53,59,70,62,81,63,62,62,60,82,49,63,61,113,142,249,86,105,113,100,58,196,217,304
"198",1504,"1721504","Barreiro",50,57,37,40,34,45,61,46,52,133,134,155,147,144,144,146,101,81,81,19,17,5,10,13,12,33,52,-7,34,133,5
"199",1506,"1721506","Moita",77,79,69,71,65,61,79,75,79,105,98,112,112,105,103,92,108,93,97,97,101,83,86,87,79,87,87,66,73,70,76
"200",1507,"1721507","Montijo",42,53,28,40,29,36,71,54,56,63,55,76,61,58,57,45,69,60,77,75,88,58,66,84,67,90,64,53,84,72,68
"201",1508,"1721508","Palmela",49,57,38,47,37,45,66,48,50,50,45,64,58,57,55,47,60,39,46,47,49,25,25,25,14,13,4,-4,10,11,3
"202",1510,"1721510","Seixal",88,91,79,83,72,78,138,124,129,118,121,143,152,147,149,149,122,105,102,19,20,14,24,17,35,15,14,6,20,57,17
"203",1511,"1721511","Sesimbra",36,45,25,37,29,37,51,41,45,60,57,78,61,64,66,57,64,45,52,45,50,35,39,44,41,43,41,30,41,44,32
"204",1512,"1721512","Setúbal",55,59,46,53,48,53,65,56,61,66,69,84,74,74,76,80,77,54,58,39,47,50,93,44,43,43,52,24,40,34,29
"205",1501,"1811501","Alcácer do Sal",8,13,0,7,0,11,30,25,16,16,9,20,2,2,-1,-12,-3,-17,-11,-14,-9,-25,-23,-19,-24,-19,-21,-28,-23,-24,-27
"206",1505,"1811505","Grândola",28,33,23,28,23,28,39,37,38,42,40,60,35,35,44,36,41,33,39,24,31,17,18,24,22,23,22,18,21,23,22
"207",211,"1810211","Odemira",18,20,8,19,9,12,37,40,41,52,45,72,33,34,49,34,40,28,38,7,7,-9,-5,-2,-8,-13,-16,-22,-21,-16,-22
"208",1509,"1811509","Santiago do Cacém",17,16,1,11,2,10,42,43,38,56,47,76,42,42,59,42,37,26,34,-6,-7,-19,-15,-11,-15,-20,-22,-27,-25,-18,-21
"209",1513,"1811513","Sines",10,11,-3,5,-3,3,9,-5,-1,4,5,10,1,2,3,-5,11,-3,2,7,7,-2,0,4,3,-4,2,0,-3,2,0
"210",1201,"1821201","Alter do Chão",23,21,10,17,10,15,28,26,23,23,23,32,22,22,23,15,19,8,11,8,7,-1,0,4,4,3,6,0,0,6,2
"211",1202,"1821202","Arronches",19,12,-2,6,-3,5,18,16,12,7,8,17,9,10,11,1,5,-7,-5,-9,-11,-20,-18,-15,-16,-16,-12,-18,-20,-16,-22
"212",1203,"1821203","Avis",26,29,18,31,22,28,39,43,42,43,38,55,30,31,39,29,34,25,31,19,25,12,16,22,20,24,21,15,21,24,24
"213",1204,"1821204","Campo Maior",23,14,1,10,1,7,34,41,40,58,52,80,42,41,61,46,56,48,55,32,51,26,31,41,38,53,44,36,48,42,48
"214",1205,"1821205","Castelo de Vide",25,24,24,29,24,29,31,25,27,23,26,34,27,28,26,20,16,4,5,-7,-8,-15,-14,-12,-12,-11,-9,-13,-13,-6,-9
"215",1206,"1821206","Crato",24,27,21,24,20,21,32,23,25,23,26,36,25,26,24,17,12,0,2,-11,-13,-21,-20,-20,-22,-21,-19,-26,-27,-23,-30
"216",1207,"1821207","Elvas",13,21,4,17,3,12,20,13,15,7,4,13,-3,-2,-5,-12,4,-15,6,8,14,-2,4,10,1,-3,-9,-14,-10,-3,-6
"217",1208,"1821208","Fronteira",-1,7,-10,-1,-10,-2,15,9,11,11,9,17,3,2,2,-7,-2,-20,-3,-16,-17,-31,-20,-13,-33,-36,-45,-41,-26,-13,-20
"218",1209,"1821209","Gavião",30,31,25,32,24,27,33,29,29,31,30,37,29,28,28,22,21,10,20,5,3,-5,-1,4,-6,-9,-13,-15,-12,-7,-8
"219",1210,"1821210","Marvão",37,37,34,36,30,35,41,37,39,37,35,40,32,30,29,23,21,12,16,1,4,-5,-2,5,1,3,3,-1,1,0,0
"220",1211,"1821211","Monforte",9,18,-1,9,-3,3,14,7,9,8,6,15,1,-1,1,-9,0,-15,-6,-17,-16,-23,-16,-10,-15,-20,-21,-29,-30,-30,-36
"221",707,"1820707","Mora",11,18,4,12,1,7,21,13,15,12,9,18,1,3,0,-6,-8,-25,-3,-22,-29,-39,-24,-20,-43,-53,-61,-62,-51,-36,-45
"222",1212,"1821212","Nisa",27,29,24,28,22,23,31,28,30,27,25,32,24,24,24,19,22,13,21,12,14,9,11,15,15,11,13,9,6,7,4
"223",1213,"1821213","Ponte de Sor",22,27,17,22,15,18,30,23,25,19,19,31,17,19,18,12,10,-6,12,-4,-5,-19,-9,-4,-24,-32,-41,-35,-20,-6,-12
"224",1214,"1821214","Portalegre",29,29,24,30,24,26,32,30,31,36,34,38,33,30,32,28,27,20,23,14,16,10,12,16,13,11,12,10,11,11,8
"225",701,"1830701","Alandroal",13,16,6,12,5,9,15,9,12,9,7,11,0,-1,-1,-8,-3,-16,-2,-12,-11,-20,-12,-6,-15,-18,-22,-27,-24,-20,-24
"226",702,"1830702","Arraiolos",14,24,7,22,7,15,26,23,23,22,19,29,15,15,16,7,18,5,16,9,12,3,9,14,9,4,3,0,2,5,2
"227",703,"1830703","Borba",12,9,6,13,6,9,10,9,9,17,13,8,9,7,10,6,12,6,8,8,10,3,4,11,7,7,7,4,5,4,2
"228",704,"1830704","Estremoz",12,17,5,16,5,11,15,12,13,15,12,13,9,7,10,4,10,2,7,3,6,-2,2,8,5,4,3,0,1,1,0
"229",705,"1830705","Évora",17,26,9,26,10,17,24,21,21,20,15,21,10,8,9,0,7,-6,0,-7,-3,-14,-9,-2,-6,-8,-10,-14,-10,-9,-12
"230",706,"1830706","Montemor-o-Novo",13,18,5,14,6,12,27,23,26,22,21,30,19,18,18,11,23,11,23,21,24,15,19,24,20,16,17,13,12,13,10
"231",708,"1830708","Mourão",25,31,16,27,13,17,17,13,14,9,7,14,5,4,6,-5,5,-7,-1,-9,-5,-13,-9,-3,-4,-7,-7,-14,-16,-21,-22
"232",709,"1830709","Portel",4,28,10,29,9,20,23,13,13,6,3,19,-5,-6,-5,-16,-4,4,12,-23,14,-21,-10,-9,14,12,-8,-15,7,-14,9
"233",710,"1830710","Redondo",10,10,5,14,4,10,13,11,11,16,12,10,8,7,9,4,10,4,8,5,7,-2,1,7,3,2,-1,-4,0,-2,-1
"234",711,"1830711","Reguengos de Monsaraz",16,16,12,21,10,14,14,12,13,17,13,11,10,8,12,6,13,8,10,8,12,3,4,11,11,10,9,6,8,5,7
"235",1215,"1831215","Sousel",9,21,6,19,4,13,15,9,12,7,5,15,2,3,5,-5,6,-3,8,-4,7,-6,-1,5,10,7,1,-5,1,-5,-1
"236",712,"1830712","Vendas Novas",35,42,23,28,14,16,26,21,22,21,17,19,15,14,15,10,24,14,21,34,38,32,36,40,34,30,28,28,33,33,30
"237",713,"1830713","Viana do Alentejo",8,21,7,15,5,12,19,9,10,8,4,19,-6,-7,-12,-22,-21,-24,-6,-45,-39,-64,-44,-38,-45,-55,-83,-81,-57,-58,-49
"238",714,"1830714","Vila Viçosa",8,23,8,16,-1,12,17,10,14,10,10,25,6,5,6,-5,4,3,11,-7,7,-11,-8,-2,6,3,-5,-9,-6,-11,-1
"239",201,"1840201","Aljustrel",12,29,8,30,8,22,26,18,19,12,7,19,-3,-1,-3,-13,5,-8,5,-10,11,-10,-2,5,14,13,0,-11,-1,-11,-6
"240",202,"1840202","Almodôvar",-1,15,3,8,-5,6,11,1,5,1,2,19,-2,-2,3,-7,-1,4,16,-19,9,-21,-11,-3,13,9,-9,-17,-5,-22,0
"241",203,"1840203","Alvito",7,18,0,18,2,11,20,17,16,13,5,17,2,2,-2,-12,-2,-18,-12,-22,-22,-29,-22,-19,-24,-29,-30,-39,-40,-45,-48
"242",204,"1840204","Barrancos",14,17,8,7,5,3,20,14,14,-5,-13,8,-11,-20,-21,-31,-26,-35,-34,-49,-60,-54,-49,-49,-49,-60,-58,-59,-58,-54,-56
"243",205,"1840205","Beja",15,27,8,26,8,17,28,25,24,23,17,34,17,13,17,5,19,3,8,-2,10,-3,3,9,11,11,7,-2,3,0,1
"244",206,"1840206","Castro Verde",2,11,-7,1,-9,0,3,-5,-1,-16,-23,-3,-12,-38,-34,-50,-23,-16,-6,-37,-12,-23,-19,-35,-7,-7,-22,-55,-20,-64,-25
"245",207,"1840207","Cuba",18,31,14,35,16,24,23,22,20,10,5,13,3,-5,-5,-16,6,0,3,2,11,2,1,5,10,11,7,-2,7,-4,3
"246",208,"1840208","Ferreira do Alentejo",17,30,11,30,12,22,31,27,26,21,15,28,10,9,8,-1,15,-1,10,2,13,2,6,11,12,10,3,-6,2,1,2
"247",209,"1840209","Mértola",8,15,0,5,-4,1,6,-1,2,-2,-5,3,-4,-5,-3,-12,-1,-13,-2,-14,-7,-16,-9,-2,-3,-3,-6,-10,-7,-7,-9
"248",210,"1840210","Moura",18,22,10,21,9,13,18,14,15,8,-3,20,11,-9,-6,-16,-5,0,6,-17,3,-7,-6,-21,4,4,-2,-34,-3,-36,-6
"249",212,"1840212","Ourique",4,11,-2,4,-6,0,11,4,6,-3,-4,7,-10,-13,-12,-22,-10,-21,-6,-20,-18,-27,-18,-15,-18,-21,-27,-40,-29,-37,-32
"250",213,"1840213","Serpa",16,27,8,23,7,15,24,20,22,20,9,28,15,10,9,-2,15,4,10,0,9,0,6,5,13,11,10,2,4,-8,6
"251",214,"1840214","Vidigueira",11,16,5,18,6,12,17,15,15,11,2,15,11,-2,2,-7,2,4,7,-1,8,0,1,-5,7,8,7,-13,5,-13,2
"252",1403,"1851403","Almeirim",29,11,14,24,16,17,12,14,21,22,18,15,21,18,15,15,17,9,16,11,10,1,5,11,-4,5,-3,-4,3,5,4
"253",1404,"1851404","Alpiarça",29,12,14,25,17,18,13,14,20,17,12,9,13,10,6,4,6,-4,12,4,1,-11,-6,0,-22,-14,-23,-24,-13,-6,-8
"254",1103,"1851103","Azambuja",31,14,16,27,19,20,17,19,25,22,17,16,19,15,11,9,11,4,18,13,14,6,11,14,2,9,0,-5,7,6,9
"255",1405,"1851405","Benavente",36,39,24,34,21,27,30,15,22,-6,-16,1,-12,-15,-25,-35,-13,-33,1,-1,-3,-18,-12,-15,-28,-23,-32,-43,-22,-24,-23
"256",1406,"1851406","Cartaxo",36,17,21,31,23,23,20,22,28,31,27,23,29,26,22,20,28,17,30,36,33,23,29,35,17,24,14,14,22,26,25
"257",1407,"1851407","Chamusca",26,17,13,21,12,15,15,11,17,3,-5,0,-4,-6,-12,-18,-27,-46,-3,-30,-43,-70,-66,-63,-113,-105,-115,-110,-79,-50,-60
"258",1409,"1851409","Coruche",28,26,19,26,16,21,27,16,23,1,-9,11,1,0,-7,-16,-25,-44,3,-33,-41,-65,-63,-59,-98,-91,-107,-107,-80,-58,-64
"259",1412,"1851412","Golegã",20,14,7,18,9,11,6,-5,-2,-52,-66,-46,-79,-83,-98,-111,-103,-140,-61,-92,-111,-156,-167,-177,-245,-230,-220,-238,-219,-165,-192
"260",1414,"1851414","Rio Maior",51,35,38,46,38,37,33,33,38,42,38,55,77,64,55,43,37,30,45,71,71,76,99,93,63,57,36,43,59,68,68
"261",1415,"1851415","Salvaterra de Magos",39,27,24,34,24,26,24,21,27,12,6,12,3,3,-4,-10,-11,-33,7,-9,-26,-46,-34,-33,-85,-79,-87,-93,-78,-49,-63
"262",1416,"1851416","Santarém",35,23,22,31,24,25,26,25,30,25,12,22,23,20,16,-7,2,-3,21,16,10,-1,8,3,-15,-10,-29,-40,-10,-18,-2
"263",801,"1500801","Albufeira",53,61,43,52,44,48,53,49,53,50,48,69,47,47,47,40,47,30,36,35,36,27,34,33,32,37,34,25,31,28,24
"264",802,"1500802","Alcoutim",39,51,31,42,29,35,42,43,46,52,47,72,53,51,51,41,52,38,48,45,47,37,35,37,41,43,36,28,36,27,32
"265",803,"1500803","Aljezur",20,23,13,17,12,15,20,8,19,2,0,10,-9,-8,-3,-14,14,-1,14,5,2,-11,-4,-8,-5,-5,-5,-13,-13,-21,-19
"266",804,"1500804","Castro Marim",41,51,33,44,33,38,45,44,47,54,53,69,50,51,48,40,52,38,46,44,45,34,34,39,37,40,37,30,33,30,29
"267",805,"1500805","Faro",72,86,61,71,61,65,76,67,72,67,66,93,67,65,63,51,62,46,57,45,53,37,35,43,45,52,42,29,39,29,32
"268",806,"1500806","Lagoa",51,56,41,48,41,44,49,45,48,46,46,60,44,44,44,35,34,20,30,22,23,13,14,17,15,18,17,10,14,11,10
"269",807,"1500807","Lagos",35,41,28,35,27,32,37,33,38,35,30,52,35,36,30,21,34,19,25,21,23,12,17,14,13,12,11,4,6,-2,1
"270",808,"1500808","Loulé",42,51,32,40,31,36,44,40,44,40,37,63,44,43,44,34,49,34,47,40,45,35,37,38,41,46,37,26,36,26,30
"271",809,"1500809","Monchique",65,74,61,66,61,64,74,63,66,65,65,87,78,68,65,53,58,43,55,62,68,43,51,51,52,59,56,44,47,40,38
"272",810,"1500810","Olhão",70,82,59,69,59,63,72,65,70,69,68,89,66,67,65,55,65,47,56,48,52,38,40,46,44,52,45,35,40,36,34
"273",811,"1500811","Portimão",41,49,34,41,34,38,45,40,45,43,39,67,46,45,42,32,40,28,38,30,31,20,22,21,22,23,22,15,17,7,13
"274",812,"1500812","São Brás de Alportel",45,53,37,46,38,42,47,43,46,46,44,63,46,44,44,36,43,30,38,36,37,28,29,34,33,37,33,25,29,26,27
"275",813,"1500813","Silves",54,63,45,56,46,51,57,51,55,53,52,76,56,56,57,45,56,38,49,44,51,32,35,38,39,47,40,28,35,28,29
"276",814,"1500814","Tavira",35,42,29,37,29,34,39,37,40,42,41,62,46,46,47,39,49,33,43,41,43,32,35,39,38,42,38,30,34,31,30
"277",815,"1500815","Vila do Bispo",18,20,15,18,13,16,17,12,14,9,8,17,8,8,11,4,11,2,9,4,7,-3,-2,-3,-5,-7,-8,-15,-13,-18,-20
"278",816,"1500816","Vila Real de Santo António",46,51,39,47,39,43,48,44,47,49,46,64,48,47,47,36,45,31,40,34,36,25,27,31,31,33,31,25,28,24,25
