"GRID_NO","LATITUDE","LONGITUDE","ALTITUDE","1979","1980","1981","1982","1983","1984","1985","1986","1987","1988","1989","1990","1991","1992","1993","1994","1995","1996","1997","1998","1999","2000","2001","2002","2003","2004","2005","2006","2007","2008","2009","2010","2011","2012","2013","2014","2015","2016","2017"
69047,41.85114,-8.82302,51,900.09,897.57,914.88,893.81,858.49,887.82,897,858.96,916.64,909.08,944.84,946.06,932.02,905.3,916.19,867.9,907.46,859.32,892.84,890.86,882.63,870.77,914.13,907.9,922.55,946.21,988.1,1016.03,910.02,717.41,725.99,1041.18,989.3,962.43,999.5,858.37,934.67,815.87,930.07
69048,41.89897,-8.62591,131,927.87,924.72,897.57,887.82,830.25,892.24,928.76,868.96,961.06,921.42,976.47,961.77,953.68,932.81,908.39,889.14,966.08,886.16,895.79,895.35,884.42,884.72,926.9,924.27,948.86,977.98,1040.26,1022.53,979.23,882.27,906.74,1040.02,1026.87,933.84,998.38,874.73,952.12,925.26,978.04
69049,41.95395,-8.33218,289,885.78,888.13,906.87,864.45,791.24,870.11,895.12,856.85,935.31,879,991.19,1011.82,941.25,908.22,888.55,899.11,973.18,902.76,898.18,890.05,893.78,873.29,908.43,882.69,918.88,913.86,973.85,993.27,901.44,850.56,892.02,951.5,959.73,856.71,957,861.12,931.65,903.33,960.08
67048,41.4625,-8.49031,83,991.44,995.07,987.46,971.65,915.21,961.33,991.38,932.78,981.61,959.47,1035.25,1003.87,1013.53,931.45,911.42,869.41,931.98,877.92,888.54,863.12,898,922.54,978.29,957.17,984.42,1014.99,1091.24,1104.47,1030.31,890.92,894.99,1078.57,1060.7,1021.39,1058.53,920.85,993.04,930.83,976.43
68050,41.78944,-7.97179,825,868.9,852.19,853.84,843.87,785.73,826.05,878.45,878.08,919.13,851.34,990.91,1016.76,911.75,892.67,869.49,919.92,955.5,885.97,877.55,864.54,868.49,880.33,956.53,954.65,977.36,985.96,1057.46,1006.61,973.63,912.58,1003.98,945.93,1049.32,989.38,1008.98,932.37,1031.68,991.23,1121.13
66049,41.29839,-8.13262,229,964.78,989.84,1028.38,988.49,937.48,975.08,1011.83,937.84,978.52,932.81,1073.69,1062.04,1023.62,971.63,925.62,952.05,1030.46,923.19,899.36,882.64,902.93,912.05,1001.13,934.79,972.55,998.68,1085.52,1106.8,1062.56,1012.35,1050.05,1084.26,1094.11,984.67,1005.92,931.97,1016.67,1008.78,1049.47
63051,40.74657,-7.3613,448,978.9,960.82,976.33,971.2,882.52,919.17,971.11,960.01,958.94,906.8,1002.02,1042.41,1029.33,1038.7,982.54,1132.32,1137.96,1029.44,1014.29,984.27,1000.81,977.23,968.2,979.77,995.03,1008.16,1063.81,1073.91,1021.67,991.84,1150.58,1095.28,1106.4,1039.3,1022.86,943.18,1071.29,1063.63,1181.75
67054,41.77684,-6.73279,747,1027.01,1015.95,1035.2,1034.79,940.61,973.3,1028.46,1028.3,1006.85,927.14,1047.76,1090.63,1074.77,1071.16,939.01,1064.54,1091.46,954.08,871.32,902.55,904.15,966.93,1031.23,1003.5,1032.71,1031.33,1147.85,1125.1,1035.31,1026.07,1109.8,1044.44,1065.07,1060.23,1062.79,1044.64,1069.13,1034.78,1138.51
48044,37.14413,-8.41347,21,1271.31,1342.19,1321.18,1328.74,1283.3,1291.69,1313.66,1282.6,1255.94,1303.72,1282.89,1200.86,1294.28,1175.5,1176.66,1240.11,1236.52,1147.93,1089.27,1062.47,1081.98,1137.53,1246.67,1226.5,1338.96,1332.99,1332.84,1300.89,1320.05,1319.69,1350.37,1317.57,1349.08,1349.46,1235.01,1294.33,1337.26,1281.09,1391.32
49043,37.24443,-8.74371,77,1269.97,1342.22,1321.92,1330.02,1282.65,1291.69,1312.42,1282.74,1255.99,1302,1282.79,1201.31,1293.4,1044.47,1104.67,1127.82,1140.72,1093.97,1031.22,982.04,1038.6,1084.88,1169.76,1149.82,1231.74,1279.5,1315.84,1267.7,1276.84,1268.03,1309.21,1285.74,1320.14,1302.65,1223.21,1224.59,1265.53,1223.47,1323.75
59045,39.54864,-8.82408,173,1035.7,1098.56,1117.78,1122.53,1046.67,1071.11,1090.6,1056.33,1087.23,1050.57,1124.11,1136.76,1193.86,1045.35,1095.75,1129.75,1214.5,1119.9,1088.18,1091.07,1116.92,1095.29,1162.43,1124.57,1202.02,1245.37,1295.19,1198.39,1203.35,1192.2,1260.93,1280.45,1215.19,1202.68,1289.49,1095.6,1174.48,1269.07,1364.64
62047,40.31503,-8.44923,61,954.66,1002.46,1049.08,1047.76,994.11,995.29,1056.86,973.21,1019.12,973.14,1120.85,1112.84,1125.15,1044.75,972.57,1016.76,1109.02,1012.71,1049.29,1022.54,1023.89,1001.03,1014.16,928.88,994.64,985.39,1075.13,1027.04,997.66,980.32,1016.56,1048.72,1062.12,1008.17,1008.55,949.61,1006.54,1014.84,1089.02
60047,39.87736,-8.3206,256,990.99,1037.2,1089,1071.36,1023.71,1027.46,1097.56,1001.62,1033.83,993.85,1139.9,1137.82,1154.05,1157.33,1110.35,1112.69,1214.38,1105.89,1091.86,1016.33,1032.21,1074.45,1216.81,1192.6,1250.73,1273.18,1344.4,1237.86,1221.31,1229.48,1318.92,1327.25,1355.24,1348.42,1321.21,1192.81,1340.56,1301.93,1424.81
61047,40.09626,-8.38461,136,954.57,1002.47,1048.89,1047.63,994.11,996.2,1056.86,973.21,1019.12,973.14,1123.88,1112.84,1125.89,1044.65,972.56,1019.32,1112.5,1064.84,1055.11,1016.21,1030.01,1031.08,1035.53,952.38,1022.68,1004.57,1099.68,1127.63,1084.32,1054.76,1114.21,1107.69,1123.32,1073.71,1048.79,949.87,1042.91,1070.43,1177.67
62049,40.42272,-7.87532,293,1004.31,1008.68,1104.94,1046.79,975.01,995.13,1050.7,1001.57,1006.64,969.21,1102.42,1123.14,1119.73,1054.04,982.07,1052.88,1132.2,1056.47,1077.64,1094.05,1102.34,1059.65,1100,989.54,1061.6,1066.97,1182.85,1155.28,1118.85,1051.85,1125.31,1045.97,1186.92,1109.13,1151.03,1022.96,1134.32,1125.26,1272.96
63050,40.69461,-7.65022,497,995.45,1004.21,1097.07,1023.79,951.3,933.44,985.58,984.92,978.1,950.1,1074.98,1096.83,1036.19,1021.65,967.21,1091.1,1096.36,1020.3,1001.45,1083.33,1073.77,1036.6,1133.42,1061.98,1143.94,1127.7,1266.69,1180.14,1155.83,1049.66,1135.99,981.77,1249.31,1143.31,1249.02,1096.8,1234.53,1170.91,1364.44
60050,40.03637,-7.46453,365,1103.3,1128.31,1167.37,1137.85,1112.96,1109.45,1168.11,1161.92,1165.83,1108.56,1233.52,1206.49,1230.78,1323.12,1133.88,1190.84,1275.29,1120.23,1133.75,1088.6,1102,1183.17,1255.28,1216.52,1276.28,1295.19,1377.38,1319.8,1252.16,1292.7,1353.32,1330.08,1363.3,1377.95,1341.58,1246.17,1303.09,1284.72,1432.93
60051,40.08771,-7.17836,409,1111.25,1135.21,1173.45,1143.13,1174.51,1172.14,1237.38,1199.75,1223.92,1124.98,1234.55,1208.61,1241.31,1332.94,1115.34,1163.1,1262.62,1159.75,1212.72,1088.6,1102.38,1183.17,1255.75,1216.52,1276.21,1295.07,1377.38,1319.8,1252.19,1292.7,1353.32,1328.62,1363.3,1377.95,1341.58,1246.17,1303.09,1282.87,1432.81
58045,39.32994,-8.75951,69,1035.7,1098.94,1117.78,1123.47,1046.67,1071.09,1090.6,1056.33,1087.23,1050.57,1124.11,1136.76,1193.86,1045.35,1095.82,1130.63,1214.5,1131.57,1088.75,1096.42,1090.72,1121.57,1231.33,1209.39,1290.49,1325.75,1369.14,1239.32,1301.17,1282.18,1344.82,1298.11,1231.62,1226.42,1295.38,1092.12,1169.74,1269.55,1367.89
59047,39.65835,-8.25719,192,1093.47,1148.28,1169.69,1162.15,1130.02,1107.63,1141.09,1124.27,1133.87,1122.2,1204.48,1197.32,1237.86,1217.46,1130.36,1121.3,1228.71,1116.1,1093.41,1091.43,1120.15,1144.65,1230.25,1193.32,1252.5,1273.18,1345.4,1250.59,1215.47,1221.61,1301.23,1323.56,1359.54,1353.83,1324.73,1246.3,1346.72,1315.74,1434.8
61053,40.40801,-6.66341,832,1046.74,1042.38,1108.28,1116.66,1035.81,1026.34,1131.6,1099.87,1072.12,1002.5,1124.72,1146.02,1116.79,1090.5,999.28,1142,1154.21,1036.96,1016.09,984.34,1000.23,1004.2,1039.42,1054.57,1063.08,1070.82,1144.81,1125.46,1082.57,1065.33,1260.66,1185.39,1196.61,1194.85,1030.99,1056.58,1188.38,1184.58,1338.87
53044,38.17615,-8.68749,59,1192.67,1269.14,1255.45,1263.47,1190.6,1218.13,1218.93,1212.17,1204.71,1216.56,1203.5,1181.52,1277.57,1151.72,1201.57,1265.31,1337.8,1176.01,1117.25,1119.92,1110.64,1180,1180.89,1189.81,1270.01,1236.02,1320.7,1230.99,1244.08,1220.05,1285.1,1285.57,1271.08,1249.68,1290.45,1214.56,1307.91,1283.01,1343.92
51047,37.90201,-7.77059,166,1353.22,1451.01,1540.42,1414.54,1384.87,1306.58,1415.65,1398.98,1356.85,1338.28,1398.43,1387.92,1430.38,1484.28,1316.61,1443.28,1560.72,1263.62,1213.82,1232.12,1237.11,1265.31,1332.87,1302.79,1366.45,1354.51,1448.39,1324.02,1276.86,1278.07,1452.55,1383.54,1399.71,1443.75,1415.68,1363.36,1464.94,1391.82,1589.22
55049,38.88589,-7.44783,308,1226.22,1285.44,1311.44,1261.69,1272.51,1206.28,1277.86,1272.28,1249.93,1220.43,1336.99,1314.13,1361.18,1388.04,1264.12,1347.26,1475.5,1234.99,1202.88,1204.47,1237.55,1259.5,1333.24,1311.12,1351.28,1365.44,1446.48,1369,1325.25,1317.75,1445.8,1366.26,1390.41,1417.7,1371.3,1302.35,1376.1,1328.71,1498.99
57048,39.27318,-7.84982,210,1176.35,1233.52,1257.04,1218.09,1197.79,1159.15,1210.69,1189.21,1202.16,1165.14,1262.23,1252.27,1289.52,1216.53,1219.28,1263.93,1396.6,1170.41,1196.18,1166.6,1190.05,1205.85,1311.22,1288.62,1332.54,1367.33,1444.84,1362.22,1328.53,1324.38,1398.64,1361.16,1378.92,1399.38,1353.16,1253.86,1374.79,1332.68,1469.32
38010,32.71738,-16.79408,272,0,0,0,0,0,0,0,0,0,0,0,0,0,0,0,0,0,0,32.37,1200.85,1236.33,1316.8,1409.71,1258.36,1247.26,138.11,0,0,0,0,0,0,0,0,0,0,0,0,0
39008,32.78419,-17.19314,260,0,0,0,0,0,0,0,0,0,0,0,0,0,0,0,0,0,0,30.19,1133.22,1186.03,1274.83,1354.73,1227.04,1248.14,138.11,0,0,0,0,0,0,0,0,0,0,0,0,0
39009,32.76318,-17.01986,577,0,0,0,0,0,0,0,0,0,0,0,0,0,0,0,0,0,0,30.19,1133.22,1186.03,1274.83,1354.73,1227.04,1248.14,138.11,0,0,0,0,0,0,0,0,0,0,0,0,0
68047,41.64405,-8.76445,36,899.93,897.57,914.88,893.81,858.49,887.82,896.99,858.96,916.64,909.08,944.84,946.06,932.65,905.76,917.05,868.76,909.51,865.5,915.93,902.44,902.59,880.57,915.7,908.3,922.56,946.31,988.18,992.52,906.73,717.86,725.99,1041.99,989.26,962.43,999.1,854.78,934.08,813.37,924.95
70050,42.22659,-8.10483,274,883.1,881.89,903.25,862.39,788.14,867.18,891.56,860.69,941.3,859.55,1001.46,1025.78,934.28,891.08,878.48,905.17,982.91,908.61,903.3,893.07,891.94,862.57,896.98,877.4,912.3,913.8,969.14,973.78,898.86,852.7,905.21,950.83,962.99,835.43,915.22,844.85,928.28,903.23,960.14
67049,41.51703,-8.1985,276,886.88,907.6,925.37,914.17,833.05,896.67,933.09,889.19,963.83,900.68,1042.43,1030.29,1002.67,938.79,906.09,936.62,1022.02,914.64,899.36,881.3,899.04,896.68,977.97,956.94,985.72,978.43,1056.22,1048.66,1010.59,945.87,997.04,1050.4,1050.17,916,968.57,895.41,991.85,983.52,1071.27
68053,41.94599,-7.08943,744,1026.29,1015.95,1035.2,1034.8,940.63,973.3,1028.46,1027.86,1006.85,927.09,1047.44,1090.63,1073.12,1070.15,938.79,1063.1,1090.86,954.08,871.58,901.95,902.88,967.07,1031.69,1003.5,1033.37,1032.46,1150.27,1124.93,1034.23,1025.6,1107.99,1043.63,1064.06,1059.61,1063.76,1044.82,1069.13,1035.05,1137.85
64053,41.06778,-6.84248,416,1028.97,1017.11,1049.33,1043.97,959.97,984.79,1044.58,1043.58,1023.55,975.96,1073.98,1095.6,1083.55,1062.58,979.67,1086.74,1097.36,995.01,950.16,977.44,993.79,992.06,1021.84,1029.3,1041.13,1046.39,1133.56,1112.25,1063.22,1037.31,1191.22,1129.42,1133.64,1116.34,1036.92,1010.34,1100.48,1095.63,1235.38
65051,41.18527,-7.4862,378,960.73,935.21,951.37,949.3,863.63,911.21,948.81,933.39,938.34,895.95,981.58,996.14,1006.08,1036.53,960.42,1010.34,1073.58,975,929.13,977.76,985.4,973.62,961.51,966.22,972.17,978.22,1040.81,1044.93,1017.75,961.11,1063.43,1020.4,1031.6,979.56,1021.4,943.18,1014.94,964.86,1042.34
65055,41.3863,-6.3188,713,1043.19,1033.62,1091.49,1093.57,1012.41,1019.92,1106.33,1053.76,1043.03,978.66,1103.25,1118,1094.42,1077.77,981,1067.42,1104.17,996.04,941.13,975.51,984.95,1005.42,1054.21,1061.46,1072.93,1077.79,1168.95,1131.86,1079.13,1069.79,1195.34,1133.93,1139.07,1136.33,1042.64,1055.47,1072.79,1091.08,1219.39
47047,37.09893,-7.66692,5,1271.25,1343.23,1321.35,1328.29,1284.86,1291.69,1312.89,1282.53,1256.44,1300.19,1284.41,1200.9,1295.19,1306.03,1246.92,1347.22,1331.99,1201.94,1147.09,1143.22,1128.65,1221.14,1254.48,1225.81,1338.49,1370.1,1358.32,1292.7,1321.28,1333.15,1370.31,1300.19,1347.9,1373.72,1309.58,1314.7,1375.42,1320.99,1379.62
49046,37.40934,-7.92967,309,1311.33,1396.77,1432.2,1372.16,1334.57,1299.19,1364.85,1342.19,1306.21,1322.59,1340.44,1294.59,1361.79,1395.45,1280.83,1396.1,1444.97,1236.52,1171.62,1165.28,1177.03,1225.45,1295.04,1266.05,1352.41,1364.09,1416.72,1322.31,1312.68,1313.84,1441.23,1393.58,1415.85,1463.72,1418.43,1380.44,1412.84,1344.45,1544.68
49047,37.46174,-7.65444,158,1328.05,1432.67,1421.25,1344.01,1310.84,1330.38,1384.48,1357.12,1320.98,1338.74,1348.51,1316.26,1369.73,1416.24,1304.97,1404.93,1470.37,1260.71,1240.79,1249.87,1227.98,1238.87,1246.54,1217.48,1298.2,1362.96,1417.14,1320.21,1340.96,1342.24,1382.39,1338.28,1368.84,1429.68,1359.54,1352.79,1442.07,1407.38,1499.88
57043,38.99872,-9.25663,89,1117.14,1195.57,1186.75,1196.75,1099.79,1140.24,1121.42,1139.28,1153.56,1128.13,1124.21,1160.32,1261.11,1051.23,1158.16,1244.41,1312.01,1172.16,1093.17,1096.42,1089.47,1109.95,1182.43,1157.1,1229.43,1238.6,1292.35,1168.78,1215.36,1211.3,1260.97,1283.43,1230.03,1222.81,1291.87,1089.32,1168.44,1269.15,1365.92
58043,39.2135,-9.27122,47,1117.14,1195.57,1186.63,1196.64,1099.48,1140.79,1122.2,1139.28,1153.44,1128.13,1124.21,1160.27,1261.24,891.88,1190.6,1241,1312.39,1172.16,1093.17,1096.42,1090.21,1051.68,1182.18,1158.99,1228.79,1238.6,1292.47,1168.77,1214.74,1211.21,1257.81,1283.2,1005.5,1062.94,1304.55,1021.72,1016.25,1269.55,1363.76
60045,39.76334,-8.87971,67,1045.89,1094.66,1129.21,1110.69,1044.42,1064.51,1093.4,1042.58,1067.41,1039.51,1135.57,1114.67,1156.45,968.77,1051.62,1050.22,1131.73,1034.68,991.97,980.54,997.63,1020.69,1030.77,993.81,1072.13,1039.03,1116.85,1005.15,976.77,980.65,1005.25,1051.7,1084.4,1038.98,1043.81,1002.81,1044.11,1069.17,1128.12
62048,40.36929,-8.16248,171,954.36,1002.28,1048.72,1046.57,994.11,995.29,1056.86,973.21,1019.12,973.14,1121.32,1112.84,1125.23,1044.61,972.11,1016.98,1108.99,1051.17,1042.93,989.72,1025.04,1032,1076.54,971.72,1022.19,1000.75,1099.8,1127.63,1084.82,1052.97,1114.07,1107.69,1123.32,1073.71,1048.25,949.47,1052.81,1073.97,1176.74
59051,39.86786,-7.11853,231,1098.56,1146.82,1176.88,1158.97,1212.58,1179.96,1234.55,1209.02,1224.54,1162.79,1258.12,1238.39,1269.44,1343.57,1159.7,1195.15,1322.97,1146.86,1138.33,1174.08,1192.37,1198.73,1276.19,1267.23,1260.45,1301.36,1396.22,1335.54,1258.37,1310.39,1421.8,1299.44,1308.43,1344.87,1344.11,1262.17,1346.75,1306.51,1452.1
58047,39.43922,-8.19437,113,1088.54,1150.39,1163.27,1158.58,1128.75,1111.5,1145.86,1127.72,1135.65,1119.68,1197.32,1200.09,1249.1,1170.68,1151.06,1194.45,1314.01,1127.15,1093.41,1092.12,1123.8,1146.49,1261.12,1243.99,1301.94,1339,1383.69,1304.98,1305.34,1281.24,1385.71,1313.73,1231.8,1254.26,1310.22,1136.27,1202.44,1292.52,1417.66
62053,40.62804,-6.72253,709,1043.82,1033.62,1094.98,1088.8,1005.86,1016.29,1104.22,1083.57,1057.17,992.16,1111.68,1144.38,1109.59,1076.65,991.77,1122.23,1116.71,999.65,946.13,976.73,991.47,991.97,1024.41,1019.4,1041.16,1034.38,1119.52,1122.11,1034.65,1036.76,1248.79,1185.58,1183.09,1186.32,1037.17,1023.73,1165.71,1171.47,1321.32
55045,38.67311,-8.56939,112,1117.14,1195.57,1186.34,1196.53,1099.13,1146.36,1124.58,1139.28,1154.47,1128.13,1124.21,1160.3,1261.21,1210.44,1125.51,1244.74,1312.65,1172.16,1093.64,1096.42,1089.17,1169.93,1273.91,1241.25,1300.4,1364.36,1415.87,1318.46,1317.93,1296.1,1373.8,1333.78,1348.29,1322.87,1299.73,1179.99,1314.13,1298.19,1433.59
57042,38.91009,-9.40945,101,1117.14,1195.57,1186.75,1196.74,1099.79,1140.24,1121.42,1139.28,1153.56,1128.13,1124.21,1160.3,1261.16,1210.59,1125.92,1242.93,1312.01,1172.16,1093.17,1096.42,1089.31,1143.09,1182.56,1156.59,1230.27,1238.6,1290.88,1169.32,1215.36,1211.3,1263.06,1283.67,1334.25,1288.04,1288.33,1122.77,1253.78,1269.15,1365.92
51043,37.68541,-8.76837,48,1193.34,1269.64,1255.39,1263.06,1192.39,1220.09,1219.89,1212.35,1206.43,1217.64,1203.75,1181.64,1277.83,1186.82,1158.54,1237.71,1261.36,1155.62,1090.71,1074.2,1084.54,1148.38,1103.27,1073.58,1123.76,1281.04,1330.91,1248.3,1291.86,1279.04,1324.37,1290.28,1332.04,1314.39,1233.73,1196.46,1271.12,1229.34,1284.68
52045,38.01518,-8.38446,72,1247.17,1330.02,1349.45,1313.3,1256.28,1248.15,1284.46,1273.85,1254.82,1257.62,1267.86,1250.03,1328.82,1333.69,1230.05,1342.44,1400.44,1212.45,1141.65,1134.79,1155.56,1194.74,1211.54,1188.02,1244.69,1264.88,1353.07,1245.21,1219.37,1209.81,1313.85,1290.52,1321.28,1332.99,1309.61,1263.9,1361.48,1290.78,1403.4
50049,37.78472,-7.15909,205,1347.38,1441.95,1464.46,1358.27,1351.5,1329.94,1428.6,1394.88,1364.82,1338.09,1405.96,1391.19,1432.65,1444.2,1343.18,1473.58,1544.26,1289.94,1270.14,1280.37,1295.47,1326.56,1409.01,1376.73,1410.12,1369.02,1510.02,1327.3,1307.93,1319.59,1422.24,1345.92,1385.08,1431.41,1384.97,1351.63,1439.59,1407.54,1561.7
51046,37.84922,-8.04745,172,1353.22,1451.01,1540.42,1414.54,1384.87,1306.58,1417.7,1398.98,1356.85,1338.28,1398.43,1387.92,1430.38,1484.28,1316.58,1442.97,1560.72,1254.47,1140.98,1137.13,1159.05,1229.27,1332.32,1302.79,1366.29,1354.43,1448.39,1324.02,1276.86,1278.07,1452.55,1383.54,1399.71,1443.75,1415.68,1363.36,1464.94,1391.82,1589.22
51048,37.954,-7.49336,204,1353.22,1451.01,1540.42,1414.54,1384.87,1306.58,1417.12,1398.98,1356.85,1338.28,1398.43,1387.92,1430.38,1484.28,1316.65,1443.19,1560.72,1262.55,1237.34,1245.02,1270.66,1288.71,1332.57,1302.78,1366.62,1354.51,1448.39,1324.02,1276.88,1278.07,1452.55,1383.54,1399.71,1443.75,1415.68,1363.36,1464.94,1391.82,1589.22
52047,38.12197,-7.82947,166,1353.22,1451.01,1540.42,1414.54,1384.87,1306.58,1415.79,1398.98,1356.85,1338.28,1398.43,1387.92,1430.38,1483.87,1316.35,1442.02,1560.72,1255.94,1175.01,1186.04,1196.84,1255.25,1331.91,1302.76,1366.41,1347.52,1424,1290.97,1250.74,1252.35,1393.85,1359.21,1377.46,1430.38,1403.32,1357.76,1466.96,1421.3,1576.36
56047,39.00061,-8.07047,111,1193.09,1256.19,1269.47,1236.7,1214.61,1181.1,1222.15,1222.37,1217.99,1188.66,1267.08,1261.12,1319.8,1265.35,1228.69,1278.25,1423,1229.68,1195.17,1205.12,1227.17,1230.59,1318.53,1306.18,1343.73,1369.67,1427.15,1352.24,1334.44,1314.86,1410.49,1342.87,1362.5,1371.75,1316.13,1201.23,1338.03,1322.99,1458.17
38009,32.67743,-16.92055,299,0,0,0,0,0,0,0,0,0,0,0,0,0,0,0,0,0,0,32.37,1200.85,1236.6,1318.8,1409.71,1263.81,1247.78,143.37,0,0,0,0,0,0,0,0,0,0,0,0,0
66050,41.35185,-7.8413,498,961.31,934.52,950.56,949.3,863.63,911.52,948.04,933.23,938.34,895.95,981.58,996.14,990.56,1036.53,940.71,995.78,1049.58,960.77,917.4,944.56,937.43,962.69,959.08,962.27,968.72,978.29,1038.04,1042.26,1017.75,961.07,1063.43,1020.4,1030.18,979.56,1020.02,944.08,1014.9,964.9,1042.34
67050,41.5707,-7.90623,486,878.11,903.79,917.07,901.06,832.51,870.48,924.72,887.58,918.49,879.8,1020.2,1042.9,961.53,929.65,893.1,956.27,1004.77,892.7,870.29,854.58,871.17,888.76,962.29,981.48,995.47,1009.34,1102.72,1033.68,937.6,893.98,970.34,916.47,1033.67,960.29,1018.5,945.39,1025.53,972.88,1094.34
65047,40.97132,-8.58028,96,1065.77,1086.49,1151.69,1092.01,1038.49,1062.69,1101.53,1015.3,1032.21,1017.25,1159.9,1071.83,1081.03,957.01,906.84,882.53,955.94,894.88,889.4,863.59,899.1,948.35,1034.93,935.56,987.49,1005.22,1101.67,1052.23,1042.89,984.17,997.15,1050.52,1054.86,995.23,1022.09,933.64,991.62,971.94,986.56
66051,41.40445,-7.54955,644,993.97,974.95,993.14,991.64,902.41,941.89,988.22,980.3,972.02,911.63,1013.12,1043.47,1042.78,1053.36,981.54,1080.83,1150.01,995.45,876.08,905.43,902.6,954.15,964.38,973.42,1033.31,1007.08,1045.37,1045.93,1018.84,963.9,1063.31,1020.4,1031.92,979.52,1023.94,943.09,1015.41,965.04,1042.4
67051,41.62352,-7.61352,866,989.88,973.57,993.07,992.03,902.43,942.05,988.18,979.58,972.94,911.67,1016.24,1043.55,1037.89,1053.35,945.9,1063.83,1091.26,954.08,871.58,902.79,904.09,960.99,999.87,987.5,1036.06,1023.38,1097.68,1097.29,1066.47,1027.86,1144.36,1082.85,1089.9,1088.4,1047.12,993.55,1042.43,1045.74,1164.41
67053,41.72659,-7.0268,801,1027.01,1015.95,1035.2,1034.79,940.61,973.3,1028.46,1028.3,1006.76,927.14,1047.76,1090.63,1073.53,1071.03,939.01,1063.63,1091.46,954.13,871.58,902.55,904.04,966.93,1031.65,1003.96,1033.34,1032.35,1149.33,1125.18,1033.82,1026.72,1109.43,1044.44,1065.67,1059.89,1063.85,1044.64,1069.13,1034.98,1138.69
67055,41.82622,-6.43836,807,1026.83,1015.75,1035.2,1035.02,940.5,973.87,1028.46,1028.62,1007.39,927.14,1048.52,1090.79,1077.42,1071.15,939.18,1065.53,1091.74,954.14,871.71,902.55,904.41,967.01,1031.5,1004.27,1035.7,1030.62,1147.92,1112.31,1067.89,1061.55,1167.47,1094.51,1108.77,1132.06,1064.84,1044.7,1041.48,1039.6,1180.07
48048,37.29765,-7.32278,30,1323.04,1423.39,1365.34,1310.55,1270.43,1346.04,1383.66,1350.74,1318.67,1341.24,1345.54,1290.14,1384.9,1390.84,1306.16,1419.66,1438.68,1266.16,1248.68,1254.03,1241.52,1261.86,1279.3,1244.33,1323.4,1318.67,1384.1,1313.78,1318.59,1329.67,1322.25,1209.49,1262.24,1300,1218.88,1241.16,1396.34,1335.35,1391.38
49042,37.14111,-8.89825,66,1269.97,1342.22,1322.82,1329.48,1282.65,1291.69,1312.42,1282.91,1255.71,1301.89,1280.83,1201.45,1293.18,1044.36,1104.5,1126.31,1140.72,1093.97,1031.22,982.04,1036.5,1053.85,1167.35,1147.85,1231.84,1286.78,1307.18,1282.88,1256.25,1250.18,1281.74,1221.61,1248.17,1192.91,1028.45,1127.5,1239.88,1155.46,1293.96
59044,39.47481,-9.07587,35,1074.69,1129.86,1152.82,1136.61,1060.94,1094.12,1105.66,1069.94,1096.56,1065.87,1134.33,1128.46,1180.81,891.95,1137.4,1129.36,1213.99,1047.74,991.97,980.23,998.09,996.89,1160.48,1154.93,1221.24,1222.58,1290.93,1193.28,1203.43,1194.11,1247.99,1267.36,1006.36,1064.44,1290.17,1023.69,1015.68,1271.29,1368.92
63048,40.58817,-8.2268,296,994.05,1007.25,1049.3,1035.14,989.92,1022.8,1065.36,978.54,1009.1,987.84,1120.71,1089.61,1092.33,1027.87,941.29,948.38,1035,1027.85,1028.98,975.95,999.65,1027.5,1074.07,1017.65,1086.63,1034.99,1142.92,1099.21,1071.42,1012.57,1060.68,1025.61,1117.15,1042.47,1077.66,982.2,1093.94,1059.79,1168.14
64046,40.65119,-8.72655,4,1065.77,1086.49,1151.69,1092.01,1038.49,1062.96,1101.53,1015.3,1032.21,1017.25,1159.9,1071.83,1081.03,967.54,950.89,950.62,1030.58,979.84,962.98,945.75,947.92,958.55,999.41,942.32,1005.22,1002.17,1090.78,1029.55,1012.27,968.22,999.85,1050.13,1063.55,1009.75,1029.26,956.81,1009.03,1003.55,988.44
61048,40.1503,-8.09877,244,954.34,1001.65,1049.1,1048.05,994.11,996.28,1056.86,973.21,1019.12,973.14,1125.13,1112.84,1125.64,1044.59,972.31,1017.49,1112.92,1088.92,1046.87,1088.13,1119.91,1101.62,1116.81,1004.48,1067.5,1003.05,1099.57,1127.63,1086.28,1055.01,1114.43,1107.69,1123.32,1073.71,1047.25,948.88,1052.13,1063.38,1177.64
62045,40.18218,-8.87825,24,1045.8,1094.94,1128.59,1112.2,1045.72,1049.77,1089.3,1038.85,1067.76,1039.51,1135.18,1112.13,1122.36,964.51,1022.83,1046.84,1127.85,1001.75,989.28,980.05,993.46,996.9,1013.85,930.79,1002.43,981.5,1063.1,973.92,957.67,941.09,968.14,1018.94,1031.48,975.34,991.16,950.47,988.05,987.14,1044.96
62050,40.47531,-7.58773,440,984.62,991.24,1072.26,1013.96,976.25,978.11,1023.22,999.9,981.69,952.06,1076.66,1094.04,1056.09,1018.53,970.75,1094.22,1104.61,1046.77,1022.95,1085.89,1085.43,1058.18,1151.92,1064.8,1147.73,1127.8,1267.01,1182.67,1155.97,1049.96,1135.76,980.15,1248.87,1142.3,1248.95,1098.35,1234.64,1170.25,1363.48
57047,39.21998,-8.13213,151,1193.17,1255.35,1268.49,1236.38,1210.86,1172.41,1211.13,1211.74,1210.17,1175.08,1254,1230.22,1296.35,1215.46,1209.53,1235.72,1403.13,1222.67,1192.26,1166.49,1185.99,1191.64,1256.83,1240.74,1282.6,1296.89,1358.76,1277.85,1257.35,1239.1,1337.66,1325.86,1362.91,1364.88,1309.3,1214.3,1368.74,1335.72,1443.1
54044,38.40065,-8.72622,8,1117.14,1195.57,1186.45,1196.68,1099.48,1146.45,1124.42,1139.28,1155.31,1128.13,1124.21,1160.23,1262.54,1136.27,1169.73,1219.04,1310.46,1172.16,1093.64,1096.42,1088.99,1158.62,1152.85,1164.26,1221.7,1231.06,1325.94,1229.39,1244.18,1217.29,1283.67,1245.22,1262,1235.59,1222.49,1182.79,1279.44,1230.48,1308.18
55043,38.56054,-9.09596,40,1117.14,1195.57,1186.45,1196,1099.79,1144.92,1124.42,1139.28,1155.01,1128.13,1124.21,1160.3,1262.12,1210.85,1125.75,1243.29,1312.65,1172.16,1093.64,1096.42,1088.03,1169.38,1225.71,1234.75,1305.7,1301.71,1365.12,1242.67,1302.14,1286.32,1340.02,1289.9,1317.85,1286.5,1270.38,1145.36,1261.6,1272.17,1369.38
51044,37.74122,-8.60005,133,1247.17,1330.02,1349.72,1313.28,1256.28,1248.15,1285.39,1273.77,1254.91,1256.91,1268.09,1249.9,1328.87,1261.33,1197.86,1289.07,1336.73,1178.73,1090.59,1074.2,1085.69,1130.58,1088.94,1073.03,1124.25,1181.78,1281.84,1200.15,1188.36,1166.07,1232.62,1221.81,1264.86,1233.41,1215.35,1180.74,1296.28,1176.65,1229.74
53045,38.23461,-8.44554,50,1217.73,1290.28,1296.49,1270.97,1208.68,1220.12,1242.2,1230.29,1221.07,1201.01,1244.95,1217.31,1300.56,1223.25,1235.55,1339.85,1402.26,1210.8,1138.12,1130.46,1160.7,1184.04,1215.4,1211.95,1281.49,1278.11,1357.64,1250.07,1245.87,1229.08,1321.1,1283.15,1301.02,1301.63,1284.66,1241.47,1342.11,1292.53,1396.28
50046,37.62934,-7.98829,219,1353.22,1451.01,1540.42,1414.54,1384.87,1306.58,1419.45,1398.98,1356.85,1338.28,1398.43,1387.92,1430.38,1484.63,1316.6,1442.98,1559.6,1258.72,1157.64,1149.86,1180.51,1232.64,1333.09,1302.44,1366.57,1354.51,1448.39,1324.02,1276.89,1278.07,1452.55,1383.54,1399.71,1443.75,1415.68,1363.36,1464.94,1391.82,1589.22
50048,37.73373,-7.43585,200,1355.54,1473.86,1466.86,1347.24,1321.12,1347.35,1423.8,1396.35,1360.82,1334.05,1386.97,1381.37,1402.11,1471.96,1330.54,1465.57,1544.95,1288.55,1262.95,1277.44,1281.53,1283.34,1345.79,1323.11,1389.22,1368.99,1447.69,1325.07,1313.68,1313.15,1403.21,1336.41,1362.84,1414.2,1366.4,1322.39,1460,1390.48,1555.65
53047,38.34181,-7.88889,203,1309.44,1391.91,1458.98,1350.32,1315.22,1262.71,1352.04,1332.95,1303.24,1254.84,1362.81,1338.85,1388.18,1447.42,1309.77,1441.63,1560.08,1255.39,1172.43,1186.14,1198.01,1254.33,1355.71,1330.98,1377.31,1393.27,1468.63,1351.75,1317.03,1304.8,1414.85,1376.34,1388.39,1424.43,1401.49,1349.56,1457.85,1395.96,1541.31
55047,38.78113,-8.00938,271,1265.69,1333.1,1376.92,1285.88,1245.45,1218.74,1289.38,1267.35,1249.78,1172.32,1326.73,1287.94,1345.95,1410.65,1245.92,1337.86,1462.75,1237.29,1192.46,1205.38,1227.94,1232.7,1371.6,1360.42,1389.21,1439.28,1511.5,1416.56,1383.3,1356.76,1435.97,1393.25,1399.53,1416.95,1378.18,1329.51,1444.24,1373.38,1505.22
54050,38.71685,-7.10852,218,1188.75,1247.42,1251.33,1233.16,1300.37,1195.41,1266.09,1274.36,1243.45,1264.93,1351.83,1343.76,1372.84,1377.24,1284.76,1357.26,1523.04,1284.87,1300.23,1316.69,1371.95,1334.91,1365.56,1362.64,1376.52,1366.38,1422.72,1389.34,1347.34,1335.62,1424.89,1334.24,1356.25,1378.29,1330.42,1280.01,1377.79,1326.59,1445.38
55048,38.83392,-7.72879,279,1265.53,1333.22,1377.09,1286.01,1245.1,1218.74,1289.3,1266.89,1249.78,1171.57,1326.63,1288.69,1345.95,1410.65,1267.41,1379.31,1488.19,1236.54,1202.24,1168.53,1188.16,1244.03,1325.21,1294.16,1343.64,1365.2,1454.09,1395.38,1313.69,1317.88,1433.54,1378.68,1394.83,1417.82,1388.03,1315.36,1402.5,1344.02,1513.89
56050,39.15714,-7.22498,306,1212.34,1267.92,1316.58,1255.83,1250.89,1218.1,1294.73,1282.36,1277.43,1209.32,1350.03,1307.99,1356.7,1365.42,1227.16,1321.02,1448.83,1234.9,1257.79,1202.2,1239.17,1254.03,1322.21,1314.88,1321.77,1351.96,1430.72,1353.68,1306.03,1314.93,1370.75,1316.49,1339.89,1388.55,1317.4,1269.55,1350.64,1306.98,1438.62
64050,40.9138,-7.71331,749,1070.32,1070.47,1111.2,1086.16,1011.09,1026.22,1089.51,1070.13,1073.52,1009.82,1135.38,1136.32,1156.16,1163.97,1041.08,1140.46,1184.23,1014.33,941.64,995.67,997.19,1027.92,1051.59,1017.69,1059.19,1053.29,1152.2,1101.11,1068.82,1029.65,1190.11,1124.78,1139.05,1128.77,1134.87,1015.63,1094.8,1096.84,1232.56
48042,37.05959,-8.91672,45,1269.97,1342.22,1322.82,1329.48,1282.65,1291.69,1312.42,1282.91,1255.71,1301.89,1280.83,1201.45,1293.18,1044.76,1104.77,1126.33,1140.72,1093.97,1031.22,982.04,1036.21,1053.85,1167.41,1147.82,1231.92,1286.78,1307.18,1282.88,1256.25,1250.05,1281.74,1221.61,1248.17,1193.95,1029.89,1129.99,1237.81,1154.54,1292.75
48047,37.24609,-7.60206,63,1313.53,1419.73,1354.29,1304.18,1272.04,1341.38,1365.2,1323.38,1301.04,1328.1,1307.19,1254.96,1305.46,1382.87,1299.94,1403.22,1424.52,1261.12,1246.21,1249.4,1232.39,1227.83,1218.54,1200.19,1277.74,1288.94,1347.35,1307.28,1345.86,1352.56,1359.04,1283.54,1324.39,1370.14,1298.14,1322.44,1407.91,1354.69,1414.85
49045,37.35614,-8.20453,196,1312.53,1396.4,1432.16,1372.07,1333.96,1299.19,1361.81,1342.1,1306.63,1322.91,1340.45,1294.22,1361.86,1278.65,1222.72,1310.24,1343.47,1188.53,1151.53,1150.95,1154.85,1189.57,1230.38,1203.46,1276.48,1331.69,1362.92,1297.69,1297.05,1295.82,1364.85,1331.36,1357.45,1375.55,1283.49,1289.5,1369.44,1313.71,1434.3
59043,39.36849,-9.29466,30,1036.19,1099.38,1118.03,1123.18,1046.67,1071.09,1090.6,1056.33,1087.23,1050.57,1124.14,1136.76,1193.93,891.88,1137.57,1132.17,1214.72,1161.5,1093.17,1096.42,1090,1047.78,1160.76,1154.96,1220.47,1223.19,1290.93,1193.28,1202.91,1194.15,1247.99,1267.36,1006.36,1064.44,1290.06,1023.9,1015.68,1271.29,1368.92
63046,40.47278,-8.72827,19,1010.28,1044.2,1099.34,1070.64,1016.28,1029.06,1079.16,994.3,1025.74,995.24,1140.33,1092.25,1102.69,967.81,964.38,973.27,1053.13,981.79,975.37,970.1,965.72,968.03,1011.52,924.95,993.23,980.95,1063.03,975.47,953.96,940.19,968,1019.49,1031.48,975.34,988.59,949.78,988.43,987.15,1044.96
58049,39.54522,-7.6276,299,1120.71,1176.7,1216.81,1179.18,1208.71,1186.81,1252.24,1211.27,1231.83,1136.99,1272.18,1239.1,1275.33,1355.14,1155.35,1209.89,1327.17,1154.16,1124.89,1088.6,1102.49,1183.17,1255.34,1216.68,1274.6,1295.38,1377.38,1326.51,1279.65,1328.87,1418.4,1345.72,1363.84,1377.95,1338,1246.02,1338.44,1319.2,1467.76
59049,39.76476,-7.68866,226,1071.42,1124.51,1152.22,1141.18,1136.61,1094.98,1159.87,1122.67,1129.11,1115.38,1223.38,1221.12,1245.28,1344.36,1159.65,1186.06,1316.4,1139.36,1122.39,1088.6,1102.28,1183.17,1255.01,1216.66,1274.34,1295.38,1377.38,1319.8,1252.16,1292.92,1353.32,1330.8,1363.3,1377.95,1341.61,1246.02,1302.98,1287.41,1433.11
61051,40.30744,-7.23876,496,1103.14,1128.4,1172.23,1138.08,1104.45,1107.71,1165.05,1161.07,1166.97,1110.47,1223.94,1193.44,1231.47,1240.66,1107.32,1185.07,1265.63,1129.56,1124.11,1085.01,1100.15,1149.88,1251,1215.49,1271.9,1295.33,1377.38,1305.71,1227.07,1248.24,1325.74,1279.84,1324.05,1329.4,1295.33,1231.27,1294.95,1258.51,1388.33
62052,40.57797,-7.01134,716,1015.31,1005.24,1054.27,1074.61,985.37,984.1,1077.59,1084.1,1052.56,982.68,1082.17,1111.74,1092.93,1081.48,991.07,1168.95,1162.5,1028.64,1009.81,981.38,992.75,995.04,1026.87,1022.39,1049.1,1039.4,1125.23,1110.7,1025.88,1026.86,1242.88,1176.24,1182.04,1146.17,1042.74,1017.81,1170.39,1166.69,1321.32
54043,38.44315,-9.10193,196,1117.14,1195.57,1186.37,1196.57,1099.6,1145.26,1124.71,1139.28,1154.26,1128.13,1124.21,1160.3,1261.77,1210.44,1125.36,1244.73,1312.65,1172.16,1093.64,1096.42,1089.04,1158.87,1189.03,1168.39,1241.39,1285.23,1346.17,1218.1,1274.04,1248.87,1321.25,1278.3,1322.03,1278.46,1266.83,1150.71,1269.38,1246.21,1308.76
50045,37.57594,-8.26396,242,1353.22,1451.01,1540.42,1414.54,1384.87,1306.58,1418.17,1398.98,1356.85,1338.28,1398.43,1387.92,1430.38,1484.63,1316.55,1442.9,1559.6,1258.52,1153.06,1148.54,1158.74,1204.6,1226.76,1199.62,1276.67,1332.08,1396.52,1310.11,1270.22,1270.05,1395.65,1329.63,1348.58,1360.49,1288.73,1292.23,1376.47,1292.9,1476.15
52043,37.94411,-8.82499,33,1194.3,1269.43,1254.96,1262.64,1191.9,1219.92,1220.31,1212.37,1204.83,1218.33,1203.66,1181.09,1277.92,1113.2,1145.25,1188.28,1227.94,1133.11,1062.75,1039.24,1062.12,1121.03,1089.18,1073.7,1123.8,1182.11,1281.84,1200.08,1188.37,1167.12,1233.13,1221.81,1264.9,1234.18,1214.15,1172.72,1268.65,1167.97,1228.68
51049,38.00519,-7.21578,200,1342.03,1411.54,1471.21,1372.38,1370.04,1304.94,1406.92,1402.01,1366.45,1312.23,1399.49,1386.6,1424.18,1431.82,1332.13,1443.28,1547.56,1291.25,1294.76,1302.43,1330.53,1338.84,1383.8,1354.3,1407.06,1395.05,1476.91,1354.06,1328.57,1352.79,1456.34,1410.09,1430.68,1470.05,1411.48,1381.77,1472.43,1436.42,1552.78
52046,38.06897,-8.10715,123,1353.22,1451.01,1540.42,1414.54,1384.87,1306.58,1416.13,1398.98,1356.85,1338.28,1398.43,1387.92,1430.38,1484.28,1316.62,1443.11,1560.72,1255.92,1175,1187.79,1198.82,1225.46,1263.47,1244.95,1292.72,1300.57,1394.03,1282.68,1247.21,1241.13,1379.56,1329.63,1354.56,1373.69,1347.32,1304.05,1441.14,1387.35,1470.99
55046,38.72753,-8.28958,176,1244.94,1326.03,1366.72,1297.88,1241.97,1213.17,1266.42,1255.85,1249.21,1203,1276.27,1259.06,1325.02,1368.42,1225.93,1284.61,1465.96,1236.13,1192.85,1205.86,1227.12,1222.75,1292.56,1259.08,1323.55,1381.52,1436.94,1323.79,1311.23,1290.21,1398.11,1352.02,1365.75,1372.06,1330.21,1250.03,1347.61,1325.85,1478.49
56046,38.9468,-8.35152,62,1191.22,1264.22,1280.88,1239.48,1174.65,1176.47,1203.33,1197.9,1204.39,1149.81,1224.77,1217.45,1292.34,1161.83,1200.44,1248.7,1415.46,1225.55,1196.86,1205.8,1224.09,1223.73,1277.07,1270.94,1324.92,1341.86,1411.08,1313.4,1317.74,1298.74,1364.91,1320.52,1324.99,1314.69,1277.59,1178.91,1305.75,1299.53,1435.69
54047,38.56153,-7.94886,233,1265.69,1332.91,1376.92,1285.87,1245.45,1218.74,1289.38,1267.35,1249.78,1172.32,1327.08,1289.53,1345.99,1410.65,1271.91,1429.85,1486.13,1241.34,1191.3,1207.41,1230.42,1253.27,1378.76,1361.02,1387.95,1439.28,1512.39,1416.37,1383.37,1356.76,1436.7,1393.46,1398.31,1418.79,1364.66,1307.59,1445.17,1373.62,1505.54
39012,33.06681,-16.34341,172,0,0,0,0,0,0,0,0,0,0,0,0,0,0,0,0,0,0,28.01,1065.38,1135.09,1228.78,1299.74,1185.28,1248.26,127.53,0,0,0,0,0,0,0,0,0,0,0,0,0
68048,41.68079,-8.55779,63,899.93,897.57,914.88,893.81,858.49,887.82,897.25,858.96,916.64,909.08,944.84,946.06,929.69,950.3,921.33,892.28,970.03,897.08,916.35,906.68,901.9,898.28,947.46,939.95,961.31,997.25,1062.74,1021.53,911.65,717.03,725.99,1041.99,989.26,962.43,999.1,854.78,933.86,813.27,924.95
68049,41.73555,-8.26502,218,938.11,945.16,934.52,928.82,859.05,911.88,958.65,886.63,962.59,902.17,1038.85,1028.02,996.36,915.21,889.14,902.05,975.28,906.06,899.44,884.55,894.71,889,951.3,929.63,961.15,984.67,1052.58,1050.3,1012.84,945.33,989.1,1050.85,1051.63,912.88,967.57,892.13,984.22,976.34,1001.48
66048,41.24409,-8.42349,128,999.33,1018.35,1019.36,994.31,941.33,971.79,1022.3,932.42,974.52,939.22,1056.23,1032.01,1023.62,957.01,906.42,881.39,955.94,894.88,889.57,863.12,898.89,948.3,1026.99,994.75,1037.18,1069.5,1178,1151.33,1142.31,1056.68,1063.62,1115.08,1131.31,1078.88,1110.19,969.77,1050.16,1038.65,1064.83
65048,41.02557,-8.3573,134,973.54,994.81,1038.54,1014.46,963.64,981.58,1012.71,954.63,988.04,949.1,1088.38,1052.25,1044.94,969.24,933.66,928.14,991.49,898.12,889.78,863.59,899.6,948.3,1035.06,936.92,991.27,1004.13,1101.56,1052.9,1042.41,982.72,997.31,1051.7,1055.01,995.23,1021.67,934.19,991.62,971.98,1041.63
66047,41.20738,-8.63534,49,982.66,991.97,1032.61,992.88,948.5,975.49,999.47,937.17,974.49,963.28,1052.36,1008.91,1006.13,956.96,906.58,882.08,956.05,894.88,889.4,863.25,898.49,948.3,1027.47,994.75,1037.12,1069.5,1178,1151.33,1142.6,1056.65,1063.62,1114.52,1130.62,1078.88,1110.35,970.35,1050.16,1037.75,997.47
67052,41.67549,-7.32038,797,993.49,975.36,993.07,992.09,902.04,942.33,988.62,980.51,972.94,911.67,1015.99,1043.4,1043.78,1053.35,945.76,1064.34,1091.26,954.13,871.58,901.95,902.98,960.68,995.23,984.29,1002.99,1005.45,1096.02,1097.39,1066.82,1025.64,1144.52,1082.96,1088.97,1088.75,1042.27,993.57,1040.85,1046.97,1164.53
68052,41.89466,-7.38399,443,932.79,927.67,916.4,951.01,843.15,889.91,919.59,924.09,970.62,912.21,997.47,1025.29,988.53,1023,927.07,948.83,996.41,906.37,849.53,914.57,911.61,927.39,981.03,966.77,947.18,990.89,1061.17,1055.52,1010.05,983.46,1059.47,1006.06,1015.84,1005.28,1027.99,993.98,1033.53,991.38,1077.23
64051,40.96597,-7.42345,646,1008.17,995.15,1019.81,1022.54,933.16,955.23,1017.01,1025.82,1006.99,938.03,1038.43,1078.94,1071.62,1057.52,984.87,1166.28,1142.04,981.01,891.44,971.87,978.03,967.05,966.3,967.73,981.56,988.88,1050.12,1061.87,1022.15,991.82,1150.48,1095.28,1104.69,1039.17,1023.81,943.13,1072.26,1063.63,1181.75
66053,41.50709,-6.96476,591,1027.14,1011.57,1041.53,1036.1,948.42,979.57,1033.38,998.24,1003.73,944.83,1055,1074.99,1067.36,1059.05,961.76,1064.79,1088.87,954.08,871.32,904.25,904.85,973.25,1015.7,1019.56,1014.26,1034.12,1130.4,1086.31,984.07,973.08,1087.29,1052.49,1068.8,1044.78,1041.22,1008.03,1075.01,1032.05,1139.47
47046,37.03539,-7.85014,5,1271.25,1343.23,1321.35,1328.29,1284.86,1291.69,1312.89,1282.93,1256.44,1300.19,1284.41,1200.79,1295.19,1306.03,1247.12,1347.22,1331.99,1201.94,1147.09,1143.22,1128.81,1221.19,1256.16,1227.46,1338.52,1370.1,1358.32,1319.03,1384.51,1387.03,1418.32,1413.58,1448.2,1504.92,1428.65,1421.58,1405.8,1386.24,1458.39
49044,37.30215,-8.47904,95,1252.27,1350.55,1299.58,1272.1,1221.68,1295.36,1302.38,1293.46,1265.7,1288.7,1285.4,1227.25,1293.03,1175.21,1173.57,1238.7,1236.52,1146.97,1089.09,1064.19,1084.19,1134.4,1170.83,1149.59,1231.23,1279.72,1315.84,1267.16,1276.01,1268.09,1310.9,1285.74,1320.12,1309.12,1223.36,1245.18,1318.94,1247.66,1327.97
50044,37.52175,-8.53927,123,1247.17,1330.02,1348.87,1313.89,1256.5,1249.11,1287.13,1273.6,1256.82,1257.02,1270.05,1249.76,1328.84,1186.82,1157.92,1243.15,1263.17,1155.21,1090.38,1075.26,1086.15,1141.11,1169.89,1148.57,1231.27,1298.77,1340.79,1273.22,1269.87,1263.63,1331.78,1304.14,1334.17,1339.61,1269.38,1272.77,1315.6,1281.7,1360.45
63049,40.64181,-7.93872,369,958.32,968.41,1000.79,997.83,973.54,1015.23,1043.66,944.44,974.38,946.73,1072.91,1072.63,1044.03,1022.98,960.63,1035.04,1081.74,1025.31,1009.62,1032.04,1043.22,1037.92,1148.82,1061.33,1144.84,1063.47,1184.01,1154.15,1122.86,1051.79,1125.02,1042.45,1185.5,1107.41,1143.54,1023.03,1152.67,1108.5,1267.6
58048,39.49263,-7.91118,185,1138.78,1191.53,1223.92,1187.54,1176.94,1134.13,1201.21,1170.1,1171.32,1135.88,1263.46,1247.27,1284.36,1231.56,1156.57,1189.18,1317.7,1153.05,1122.58,1166.6,1189.72,1181.54,1231.8,1202.66,1253.8,1252.95,1323.12,1297.93,1323.12,1307.8,1309.3,1335.26,1375.96,1399.74,1333.49,1250.18,1373.65,1337.87,1455.75
61052,40.35814,-6.95128,792,1012.05,1007.89,1053.45,1066.4,984.27,984.11,1075.33,1064.74,1038.79,978.08,1068.87,1105.45,1086.56,1075.83,986.2,1144.88,1144.14,1029.01,1010.88,985.4,1003.28,997.26,1028.66,1027.56,1054.23,1047.08,1131.21,1129.57,1091.15,1074.79,1260.6,1191.29,1194.68,1211.09,1042.58,1027.13,1177.68,1186.31,1338.65
61050,40.25589,-7.52584,436,1026.59,1050.06,1088.1,1074.65,1040.87,1050.34,1111.46,1081.6,1092.34,1042.19,1155.8,1156.3,1173.93,1206.54,1075.08,1144.02,1227.72,1112.4,1065.53,1088.02,1100.58,1176.75,1249.81,1215.49,1271.79,1295.33,1377.38,1319.8,1252.19,1292.7,1353.32,1329.64,1363.3,1377.95,1341.58,1246.17,1303.09,1282.87,1432.81
56042,38.76616,-9.4058,76,1117.14,1195.57,1186.75,1196.74,1099.79,1140.12,1121.42,1139.28,1153.56,1128.13,1124.21,1160.3,1261.16,1210.59,1125.91,1242.95,1312.01,1172.16,1093.17,1096.42,1089.39,1149.67,1182.47,1156.59,1230.24,1238.6,1292.35,1169.32,1215.36,1211.3,1263.06,1283.86,1337.07,1293.86,1284.73,1136.31,1256.37,1269.15,1366.17
56043,38.79649,-9.20579,58,1117.14,1195.57,1186.75,1196.74,1099.79,1140.24,1121.42,1139.28,1153.56,1128.13,1124.21,1160.3,1261.16,1210.59,1125.99,1243.06,1312.01,1172.16,1093.17,1096.42,1089.7,1151.08,1182.51,1156.59,1230.03,1238.6,1292.33,1170.17,1215.36,1211.3,1263.06,1284.11,1335.86,1293.75,1283.83,1135.45,1259.5,1269.3,1363.8
53046,38.28861,-8.1674,133,1245.43,1326.44,1367.91,1299.06,1243.08,1224.47,1279.32,1268.6,1253.66,1212.78,1283.27,1278.81,1346.02,1368.27,1226.85,1341.51,1437.65,1221.98,1176.68,1185.3,1195.32,1230.89,1266.1,1245.57,1292.65,1322.96,1405.39,1307.23,1273.51,1258.38,1356.09,1324.95,1348.41,1358.86,1354.49,1293.15,1393.99,1326.67,1437.74
55051,38.98739,-6.88476,209,1189.43,1243.33,1248.71,1233.99,1301.34,1194.07,1263.92,1274.97,1247.96,1266.76,1350.8,1346.86,1376.94,1371.47,1280.11,1350.91,1520.21,1283.55,1298.94,1317.12,1370.49,1333.95,1366.19,1362.71,1376.05,1367.06,1423.59,1374.54,1333.29,1330.92,1473.69,1336.18,1377.75,1418,1354.09,1271.92,1375.99,1355.97,1457.82
56051,39.20767,-6.94238,271,1190.76,1242.96,1268.43,1234.37,1274.73,1209.86,1283.78,1285.75,1273.39,1237.67,1354.46,1323.11,1363.12,1356.52,1228.13,1328.38,1420.73,1238.82,1259.21,1221.51,1255.5,1246.67,1307.09,1300.25,1301.34,1323.66,1404.98,1345.55,1288.91,1315.7,1396.56,1310.51,1335.46,1361.34,1308.78,1268.95,1333.69,1297.47,1420.86
57049,39.32556,-7.56712,301,1195.08,1249.94,1296.32,1242.59,1248.85,1187.13,1266.96,1225.24,1242.91,1180.26,1305.41,1274.67,1304.84,1378.11,1204.77,1254.54,1399.79,1232.25,1208.65,1202.35,1236.23,1254.51,1325.22,1293.89,1327.16,1348.74,1448.65,1369.56,1297.02,1297.04,1366.57,1328.81,1358.4,1375.09,1321.84,1253.27,1352.69,1310.7,1462.84
53048,38.39419,-7.60999,198,1272.74,1347.92,1393.52,1311.89,1310.33,1240.96,1322.63,1314.45,1283.05,1259.67,1359.53,1341.33,1384.61,1430.33,1308,1440.1,1555.75,1274.93,1244.37,1262.92,1281.05,1310.61,1362.12,1341.68,1378.17,1380.05,1457.8,1360.62,1321.56,1308.18,1455.01,1374.34,1393.73,1431.26,1391,1331.7,1431.89,1373.83,1535.21
70049,42.17224,-8.4,99,984.27,976.99,866.11,902.23,842.78,905.04,956.42,874.85,961.42,908.86,995.37,970.71,960.47,927.66,911.45,915.78,1005.71,902.26,901.45,891.73,884.93,853.2,875.32,903.46,913.56,947.65,977.66,990.99,942.99,859.33,873.61,1022.47,1010.02,906.26,953.96,882.77,941.17,883.29,946.77
67047,41.42004,-8.70265,31,983.37,991.97,1032.61,992.88,948.5,975.32,998.99,937.17,974.49,963.28,1052.36,1008.91,1006.69,931.4,911.23,869.22,932.09,877.92,888.37,863.25,896.77,922.38,968.7,947.73,975.24,1004.54,1076.78,1072.24,1018.5,883.06,894.99,1078.57,1060.7,1021.39,1058.53,920.85,993.09,931.02,969.22
64047,40.74899,-8.57127,6,1065.77,1086.49,1151.69,1092.01,1038.49,1062.69,1101.53,1015.3,1032.21,1017.25,1159.9,1071.83,1081.03,1000.8,939.51,948.63,1030.02,909.03,889.69,863.59,899.32,937.78,999.49,867.38,931.39,929.45,1010.29,942.92,934.24,902.15,930.57,986.38,978.51,911.61,933.25,897.17,932.82,905.2,961.82
68051,41.84248,-7.67811,894,961.89,951.44,961.39,961.82,881.06,908.74,941.43,965,987.89,923.02,1021.87,1046.74,1030.33,1052.95,951.59,1023.98,1068.87,944.55,896.38,945.02,939.83,963.16,1000.53,986.85,1035.98,1024.86,1097.55,1069.57,995.52,993.54,1086.95,1021.39,1076.79,1015.22,1025.01,975.63,1036.31,970.78,1092
65050,41.13288,-7.777,369,961.44,934.31,950.02,949.3,863.63,911.94,948.12,933.19,938.34,895.95,981.58,996.14,988.82,1036.53,925.51,974.46,1031.49,967.48,920.01,942.91,944.44,967.91,965.89,969.86,1040.11,1018.05,1050.83,1045.83,1018.38,962.33,1062.94,1020.4,1032.4,980.96,1027.34,945.87,1014.98,964.86,1042.34
66054,41.55713,-6.67173,615,1031.02,1017.65,1050.21,1047.56,954.53,982.64,1039.97,1014.97,1006.05,945.15,1066.78,1093.4,1071.23,1062.53,961.28,1064.92,1091.06,954.08,871.32,904.25,905.09,973.27,1018.45,1022.67,1041.89,1045.39,1133.09,1103.68,1039.06,1021.3,1125.07,1075.78,1079.95,1059.89,1062.79,1040.13,1066.31,1025.19,1131.31
66055,41.60631,-6.37829,765,1058.35,1050.27,1092.36,1093,1004.07,1017.28,1090.18,1053.74,1040.16,978.66,1103.61,1126,1097.46,1074.08,981.7,1068.14,1103.2,996.03,941.06,964.81,968.22,989.64,1046.54,1055.88,1067.19,1073.68,1174.62,1124.21,1078.29,1069.9,1176.45,1110.19,1116.56,1132.58,1044.64,1049.71,1063.96,1052.1,1183.71
68054,41.99644,-6.79444,916,974.14,966.69,971.31,974.99,898.39,913.85,949.26,986.02,1008.85,931.03,1048.73,1092.1,1068.17,1061.42,953.32,1074.56,1099.33,957.19,911.33,943.25,942.9,967.65,1007.95,985.16,1018.27,1010.26,1114.16,1074.83,985.19,1018.8,1111.69,1033.68,1119.05,1039.79,1022.7,992.32,1031.63,972.47,1153.24
60044,39.66527,-9.03981,82,1045.89,1094.66,1129.1,1111.27,1043.86,1068.26,1094.76,1042.58,1067.78,1039.51,1135.57,1114.98,1156.33,1020.14,1070.14,1128.72,1213.99,1047.74,991.97,980.54,997.73,1020.73,1056.33,999.42,1073.46,1040.45,1118.81,1004.29,976.75,980.24,1005.25,1051.7,1048.57,1040.22,1061.76,994.99,1017.04,1069.17,1128.08
59046,39.60391,-8.54084,125,1035.7,1098.56,1117.78,1122.53,1046.67,1071.11,1090.6,1056.33,1087.23,1050.57,1124.11,1136.76,1193.86,1140.89,1096.51,1129.98,1214.37,1122.43,1093.1,1091.12,1119.48,1097.47,1161.12,1127.71,1205.48,1245.3,1293.78,1198.63,1203.12,1192.2,1260.93,1281.84,1215.86,1203.09,1290.5,1098.85,1175.21,1267.77,1365.85
59048,39.71197,-7.97312,298,1140.59,1194.96,1248.04,1195.13,1143.5,1128.43,1202.47,1154.66,1173.61,1112.57,1254.91,1220.18,1253.3,1340.35,1121.2,1167.26,1243.39,1125.23,1122.64,1088.6,1102.37,1183.17,1254.41,1216.92,1276.3,1295.38,1377.38,1319.8,1254.18,1292.74,1353.32,1330.97,1363.3,1377.95,1342.01,1245.77,1302.99,1288.73,1432.93
59050,39.81673,-7.40379,331,1105.24,1157.5,1201.68,1168.02,1195.52,1185.65,1247.6,1204.28,1232.16,1141.5,1262.6,1230.99,1261.88,1352.47,1141.6,1193.19,1275.53,1145.38,1137.72,1088.6,1102.42,1183.17,1255.48,1216.43,1275.57,1295.19,1377.38,1319.8,1252.16,1292.68,1353.32,1330.08,1363.3,1377.95,1341.37,1246.02,1303.13,1286.86,1432.93
63052,40.79769,-7.07196,529,981.45,961.61,976.87,971.31,873.84,918.19,966.26,994.84,962.18,920.81,1007.76,1044.22,1033.67,1040.2,975.88,1133.11,1110.82,994.51,951.24,975.24,991.27,973.11,965.11,968.84,978.82,980.01,1043.07,1068.05,1026.26,998.58,1154.26,1102.02,1103.83,1075.57,1023.58,943.18,1074.95,1067.01,1181.75
55044,38.62276,-8.84895,21,1117.14,1195.57,1186.45,1195.95,1099.48,1145.69,1123.78,1139.28,1155.2,1128.13,1124.21,1160.3,1262.12,1210.85,1125.86,1243.54,1312.65,1172.16,1093.64,1096.42,1088.22,1171.12,1202.97,1246.24,1313.15,1279.34,1368.37,1258.98,1300.25,1267.99,1335.62,1268.58,1260.72,1241.14,1234.12,1196.42,1292.02,1288.08,1386.1
52044,37.96057,-8.66138,120,1192.67,1269.14,1255.25,1263.7,1190.6,1219.92,1220.8,1212.17,1204.55,1216.56,1203.5,1181.69,1277.5,1246.58,1182.65,1267.33,1337.87,1176.01,1117.25,1119.92,1110.89,1160.64,1089.34,1073.35,1124.22,1182.28,1281.84,1200.06,1187.93,1166.25,1232.2,1221.81,1264.68,1229.84,1214.15,1173.68,1272.43,1177.15,1228.52
51050,38.05557,-6.93784,306,1319.6,1399.02,1467.73,1359.14,1364.99,1287.97,1391.16,1357.95,1344.97,1309.79,1401.59,1381.95,1414.15,1446.01,1335.73,1458.41,1520.85,1290.23,1325.34,1341.21,1363.82,1356.75,1399.46,1372.49,1403.06,1370.82,1461.04,1290.4,1202.75,1203.3,1407.38,1338.97,1329.69,1353.62,1354.61,1294.57,1416.32,1326.36,1510.46
52048,38.17416,-7.55141,140,1353.22,1451.01,1540.42,1414.54,1384.87,1306.58,1416.14,1398.98,1356.85,1338.28,1398.43,1387.92,1430.38,1484.28,1316.61,1442.05,1560.72,1265.76,1239.67,1264.64,1279.13,1295.85,1357.14,1331,1377.51,1384.52,1470.6,1343.22,1302.65,1295.42,1451.58,1386.79,1399.28,1436.2,1394.79,1349.53,1456.64,1379.89,1561.02
57045,39.11112,-8.69555,26,1117.14,1195.57,1186.75,1196.6,1099.48,1143.12,1121.42,1139.28,1153.87,1128.13,1124.21,1160.32,1261.11,1051.5,1158.7,1243.19,1311.19,1172.16,1093.35,1096.42,1090.09,1132.83,1232.04,1237.63,1310.84,1303.53,1365.96,1238.92,1302.88,1286.07,1339.76,1290.71,1195.06,1195.89,1278.79,1106.45,1171.42,1271.43,1372.19
57046,39.16596,-8.41404,112,1115.49,1196.07,1186.2,1196.12,1100.96,1142.5,1129.7,1131.33,1157.24,1128.12,1134.42,1173.19,1260.4,1162.22,1169.8,1237.4,1312.99,1172.16,1093.6,1096.42,1089.53,1157.11,1229.37,1209.63,1289.81,1325.72,1369.83,1240.15,1301.46,1282.73,1346.44,1299.78,1337.61,1296.63,1293.9,1123.25,1263.61,1267.84,1368.07
39010,32.77118,-16.84368,272,0,0,0,0,0,0,0,0,0,0,0,0,0,0,0,0,0,0,30.19,1133.22,1186.03,1274.83,1354.73,1227.04,1248.14,138.11,0,0,0,0,0,0,0,0,0,0,0,0,0
69050,42.00807,-8.03799,686,839.67,878.4,859.82,842.42,756.47,818.26,876.4,857.65,920.29,850.51,985.66,1015.91,913.81,868.48,853.48,904.7,951.55,878.2,872.94,864.38,858.64,853.15,944.78,932.13,959.44,969.08,1046.5,972.75,867.28,846.64,958.51,953.97,975.2,933.9,950.74,898.09,1005.46,929.24,1052.44
66052,41.4562,-7.25737,304,993.91,975.62,993.4,991.64,902.41,942.1,988.55,979.88,972.36,912.74,1013.92,1043.47,1034.63,1053.31,952.66,1013.02,1069.2,968.07,920.73,965.74,967.44,971.64,996.94,986.11,1000.52,1006.38,1103.96,1089.11,1025.4,993.23,1085.84,1032.15,1049.11,1020.15,1043.16,994.44,1043.23,998.98,1090.29
64054,41.1174,-6.55138,733,1041.6,1033.74,1091.49,1094.53,1012.33,1019.52,1106.33,1056.12,1042.38,978.95,1102.58,1120.2,1091.01,1077.77,984.12,1073.39,1104.66,996.22,941.41,974.51,984.89,996.31,1033.46,1037.18,1044.33,1051.44,1139,1136.12,1146.63,1109.82,1267.13,1192.21,1191.01,1239.16,1044.08,1038.7,1122.58,1174.43,1334.13
65053,41.28749,-6.90333,377,1026.19,1011.56,1041.86,1035.83,951.85,981.86,1033.83,1028.81,1014.76,966.03,1064.31,1080.02,1065.79,1059.99,978.62,1073.92,1092.48,977.7,916.63,973.32,990.68,991.14,1021.77,1029.27,1041.89,1046.27,1133.27,1106.92,1029.61,1010.26,1141.74,1086.69,1095.35,1076.83,1036.71,1014.57,1087.69,1057.15,1167.93
65054,41.33732,-6.61127,713,1062.24,1053.38,1091.72,1084.87,993.96,1015.94,1079.45,1040.79,1037.48,969.57,1097.09,1124.17,1099.14,1071.64,977.9,1064.99,1091.74,954.33,871.7,956.32,962.16,978.96,1019.84,1015.18,1037.93,1033.46,1116.6,1117.57,1089.8,1066.61,1190.69,1121.65,1133.38,1144.82,1035.61,1020.62,1093.71,1098.59,1244.39
68055,42.04604,-6.49902,905,973.23,963.76,973.1,974.93,901.37,914.45,947.14,989.88,1013.42,942.16,1059.84,1099.11,1066.85,1061.42,958.48,1074.73,1102.35,956.94,913.51,943.25,942.97,972.91,1018.1,995.58,1036.77,1026.29,1124.06,1082.55,982.3,1012.15,1097.01,1022,1101.43,1033,1022.36,992.86,1034.46,972.74,1105.2
48046,37.18922,-7.87157,162,1323.19,1424.12,1405.13,1337.23,1305.52,1328.63,1374.91,1329.04,1316.63,1314.52,1314.02,1264.43,1300.63,1276.3,1240.56,1349.61,1333.34,1206.16,1177.92,1161.54,1168.4,1201.35,1246.2,1207.96,1334.09,1297.38,1337.37,1298.67,1319.79,1334.17,1342.3,1263.88,1310.85,1328.19,1233.99,1300.77,1352.11,1306.49,1385.81
50043,37.46551,-8.74132,60,1193.34,1269.64,1255.39,1263.06,1192.39,1220.09,1219.89,1212.35,1206.43,1217.64,1203.75,1181.64,1277.83,1186.82,1159.82,1236.93,1261.36,1155.62,1090.71,1074.2,1084.42,1126.64,1164.51,1149.52,1231.15,1239.01,1294.58,1241.18,1222.19,1210.16,1258.34,1221.79,1257.62,1217.67,1127.49,1175.15,1283.79,1179.32,1274.62
61046,40.04138,-8.67003,31,1045.9,1094.73,1128.7,1112.46,1044.04,1064.5,1092.64,1042.58,1067.76,1039.51,1135.57,1114.88,1155.05,964.33,1022.28,1049.59,1128.25,1034.68,991,980.11,994.14,1011.67,1030.44,985.69,1063.16,1014.62,1103.93,1065.38,1030.68,1012.43,1060.35,1079.6,1103.92,1056.45,1047.12,977.28,1054,1074.69,1153.28
62046,40.25648,-8.7264,43,1010.6,1044.95,1099.44,1070.31,1016.28,1029.06,1079.16,994.3,1025.74,995.24,1140.61,1092.25,1103.51,994.68,994.41,1046.5,1121.66,1001.88,989.09,980.11,993.07,994.24,1004.13,929.89,996.18,984.16,1073.72,1025.92,996.72,976.48,1016.56,1048.72,1062.12,1008.17,1008.55,949.8,1006.54,1014.84,1089.02
58050,39.59698,-7.34363,243,1099.3,1148.53,1181.9,1163.08,1219.72,1182.38,1244.38,1212.62,1229.48,1165.12,1274.96,1254.49,1284.22,1343.7,1161.26,1208.48,1323.68,1211.03,1147.63,1201.2,1233.97,1256.42,1310.29,1288.29,1326.44,1329.07,1399.05,1357.59,1286.01,1329.27,1422.43,1318.99,1338.37,1391.92,1325.81,1247.62,1359.95,1325.76,1468.97
58051,39.64791,-7.05926,238,1099.24,1148.25,1181.67,1163.37,1219.72,1182.3,1244.38,1212.62,1229.48,1165.12,1276.69,1254.49,1284.08,1337.82,1158.23,1206.22,1323.68,1239.89,1259.87,1221.51,1256.1,1245.39,1306.17,1300.09,1299.05,1322.47,1404.57,1341.27,1258.37,1307.39,1435.76,1299.84,1312.35,1377.1,1339.7,1269.3,1356.3,1320.03,1454.14
59052,39.91816,-6.83288,307,1095.79,1144.15,1172.93,1192.15,1261.74,1234.96,1285.85,1302.44,1296.25,1228.85,1337.69,1278.76,1317.74,1300.64,1156.81,1228.9,1339.21,1216.09,1222.21,1174.08,1192.75,1199.19,1276.97,1267.01,1261.46,1301.24,1396.22,1316.51,1261.86,1332.95,1482.75,1305.86,1304.53,1333.87,1343.51,1276.53,1370.76,1320.96,1471.95
60052,40.13821,-6.8918,382,1111.75,1134.31,1171.09,1136.92,1174.23,1171.91,1224.26,1204.47,1223.81,1120.74,1239.75,1203.5,1240.84,1293.11,1131.88,1199.17,1324.2,1161.02,1214.17,1174.08,1192.34,1199.26,1276.39,1267.01,1261.16,1301.24,1396.22,1307.81,1232.62,1274.27,1373.51,1291.23,1312.72,1318.59,1318.26,1265.51,1337.91,1270.96,1401.02
58046,39.38499,-8.47714,37,1035.7,1098.94,1117.66,1123.48,1046.56,1072.29,1091.44,1056.33,1086.85,1050.57,1124.11,1136.81,1193.8,1122.17,1107.63,1130.62,1214.5,1119.9,1088.18,1091.81,1123.78,1123.33,1232.16,1238.47,1313.26,1303.07,1365.8,1237.76,1302.46,1286.05,1339.76,1290.41,1195.82,1195.89,1278.33,1102.88,1172.57,1270.33,1372.29
62051,40.52706,-7.29974,700,1017.82,1009.99,1054.31,1064.64,979.43,987.38,1071.2,1053.7,1066.54,976.95,1072.2,1092.31,1099.7,1079.75,1017.1,1188.57,1230.4,1067.08,1032.64,997.1,1002.12,1025.15,1030.92,1031.12,1076.02,1081.35,1158.83,1119.68,1032.2,1032.11,1243.9,1177.7,1182.62,1146.36,1042.39,1018.75,1170.3,1166.71,1321.32
63053,40.84796,-6.78222,667,1028.28,1017.29,1067.4,1063.69,977.87,994.36,1074.61,1049.77,1031.7,972.89,1082.37,1104.87,1087.56,1067.95,985.34,1119.21,1116.3,1003.62,953.84,976.48,991.14,992.33,1023.87,1018.24,1040.74,1034.46,1118.88,1109.99,1025.62,1024.75,1242.92,1176.24,1179.79,1146.05,1038,1016.11,1164.01,1166.69,1321.32
54046,38.50813,-8.22821,179,1245.32,1326.6,1367.68,1299.06,1243.05,1224.47,1275.6,1268.61,1253.66,1213.02,1283.27,1278.81,1346.02,1368.27,1234.78,1343.9,1470.16,1236.78,1192.2,1205.86,1225.23,1223.63,1309.65,1275.28,1335.49,1378.56,1439.46,1327.67,1310.78,1289.59,1399.23,1352.96,1367.51,1372.27,1360.35,1294.56,1405.08,1361.54,1487.53
50047,37.68193,-7.71225,181,1318.95,1418.2,1428.27,1337.98,1300.09,1312.21,1381.35,1376.73,1312.61,1336.66,1379.32,1362.3,1431.44,1423.55,1327.15,1443.39,1560.72,1265.59,1199.8,1200.66,1218.82,1247.2,1317.46,1296.73,1364.24,1363.44,1419.46,1305.47,1271.95,1278.62,1406.75,1315.47,1346.33,1376.32,1338.22,1307.99,1439.72,1351.46,1494.44
37010,32.49821,-16.50389,304,0,0,0,0,0,0,0,0,0,0,0,0,0,0,0,0,0,0,30.19,1133.22,1186.03,1274.83,1354.73,1227.04,1248.14,138.11,0,0,0,0,0,0,0,0,0,0,0,0,0
70048,42.11315,-8.68497,66,928.31,924.72,897.57,892.04,849.21,903.96,946.69,875.99,973.75,938.61,1000.54,987.43,979.25,937.5,921.53,904.4,981.14,899.13,952.19,949.52,922.25,881.36,894.59,893.11,919.08,944.91,992.52,1001.11,947.93,841.73,853.62,1014.27,988.32,888.45,965.21,857.96,916.52,895.61,964.68
64048,40.80692,-8.29174,303,975.88,999.75,1053.01,1007.72,949.76,979.26,1020.97,954.89,1002.05,956.9,1096.27,1067.44,1047.82,1000.58,938.67,947.07,1034.37,966.82,1004.42,955.12,956.77,978.12,1049.55,975.93,1039.49,1002.39,1106.37,1076.82,1058.26,1008.13,1036.57,1070.75,1077.79,1021.37,1028.94,940.46,1017.83,998.12,1172.52
64049,40.86078,-8.00274,432,951.09,984.44,1015.5,990.31,945.9,977.76,1007.14,941.4,974.85,945.27,1081.64,1072.92,1042.06,986.82,935.26,987.71,1041.83,970.2,1005.06,989.94,986.33,1002,1139.84,1061.33,1143.74,1127.46,1266.89,1131.63,1037.65,978.16,1066.22,1013.47,1112.26,1047.45,1087.91,984.84,1196.15,1041.1,1183.55
65049,41.07965,-8.06737,332,954.42,982.44,1022.78,990.83,932.66,974.08,1005.78,938.9,977.44,945.67,1086.94,1063.82,1045.08,971.31,925.27,961.76,1030.19,963.25,953.26,897.81,912.25,925.08,1031.5,982.55,1044.22,1026.55,1112.01,1088.39,1010.59,962.05,1021.37,967.04,1078.1,1005.84,1053.76,954.82,1054.04,1015.47,1132.43
64052,41.0173,-7.13317,363,977.74,968.38,969.76,972.46,896.44,932.86,984.91,996.87,975.31,939.48,1004.1,1015.43,1018.93,1040.34,978.7,1085.26,1124.5,1023.71,1010.17,981.78,994.67,981.55,1001.75,992.89,1016.04,1023.18,1109.52,1101.47,1026.55,1001.05,1155.84,1103.22,1106.37,1082.29,1043.69,994.49,1085.67,1068.66,1182.25
65052,41.2368,-7.19497,330,961.62,948.46,954.57,951.25,870.14,914.13,958.53,942.38,950.9,910.03,988.84,1002.76,1011.85,1037.27,963.83,1048.01,1092.9,989.44,942.32,981.51,992.24,980.97,1001.13,993.58,1016.09,1022.89,1107.44,1103.88,1029.22,1008.79,1139.28,1082.78,1092.14,1072.52,1043.26,994.49,1075.76,1056.3,1167.08
66056,41.65463,-6.08444,760,1060.53,1049.07,1091.69,1097.46,1008.21,1019.28,1093.76,1069.49,1043.26,980.72,1110.17,1128.17,1101.37,1072.45,982.6,1069.42,1095.95,1005.85,952.58,968.37,969.8,988.95,1045.59,1061.52,1079.7,1077.26,1181.02,1120.05,1061.98,1057.87,1174.59,1112.11,1093.97,1080.49,1027.62,1047.6,1046.54,1017.97,1146.4
47045,37.02611,-7.99694,3,1271.56,1342.19,1320.8,1328.98,1283.3,1291.69,1313.74,1282.62,1256.23,1300.64,1283.7,1201.21,1295.01,1306.03,1247.64,1347.22,1331.99,1201.94,1147.09,1143.22,1128.81,1221.1,1253.36,1224.15,1338.49,1370.1,1358.32,1319.03,1385.06,1387.03,1418.16,1413.58,1448.2,1504.35,1428.65,1421.58,1405.8,1386.24,1453.42
48043,37.11127,-8.72465,2,1271.31,1342.19,1321.18,1328.51,1283.3,1291.69,1313.66,1282.5,1255.94,1302.98,1282.89,1201.08,1293.37,1044.76,1104.9,1126.24,1140.72,1093.97,1031.22,982.04,1037.31,1053.85,1167.8,1148.91,1231.56,1286.78,1307.18,1282.88,1256.25,1250.05,1281.74,1221.61,1248.17,1193.95,1029.89,1129.99,1237.81,1154.54,1292.75
48045,37.15727,-8.13669,45,1271.31,1342.19,1321.18,1328.74,1283.3,1291.69,1313.66,1282.6,1255.94,1303.89,1282.8,1200.9,1294.28,1306.03,1248.53,1349.38,1331.99,1201.94,1147.09,1143.22,1128.52,1221.14,1254.29,1226.52,1339.12,1370.1,1358.32,1295.4,1307.44,1310.08,1343.48,1276.72,1328.78,1319.56,1239.42,1299.41,1373.99,1286.14,1383.04
49048,37.51334,-7.37886,118,1332.1,1436.46,1424.88,1346.55,1313.1,1340.21,1397.97,1394.34,1340.8,1339.68,1378.01,1324.93,1392.66,1419.92,1311.85,1429.49,1475.32,1271.51,1270.73,1276.89,1282.83,1286.04,1269.09,1249.84,1312.85,1348.57,1412.84,1318.6,1293.12,1288.53,1330.47,1257.73,1300.56,1338.58,1286.55,1272.83,1420.44,1362,1449.57
57044,39.05547,-8.97665,28,1117.14,1195.57,1186.75,1196.6,1099.48,1143.12,1121.42,1139.28,1153.87,1128.13,1124.21,1160.32,1261.11,1051.4,1158.59,1243.11,1311.19,1172.16,1093.35,1096.42,1090,1131.3,1232.15,1237.72,1309.37,1303.53,1366,1237.77,1302.88,1286.02,1339.21,1290.41,1192.6,1193.63,1279.03,1106.24,1171.42,1271.29,1373.35
58044,39.27408,-9.04147,87,1036.19,1099.38,1118.03,1123.18,1046.67,1071.09,1090.6,1056.33,1087.23,1050.57,1124.14,1136.76,1193.86,1051.4,1105.54,1132.53,1214.72,1161.5,1093.35,1096.42,1090.47,1110.22,1181.81,1156.95,1231.82,1238.6,1292.47,1169.63,1214.98,1211.21,1260.97,1283.63,1229.1,1222.54,1292.26,1090.99,1169.39,1269.55,1364.26
63047,40.53369,-8.51446,44,1009.94,1044.21,1101.18,1070.64,1016.28,1028.87,1079.16,994.3,1025.74,995.24,1140.33,1092.25,1103.51,1001.07,940.53,950.17,1035.07,979.84,963.15,946.08,949.77,965.04,1011.87,950.35,1011.62,1008.81,1104.03,1059.39,1036.07,997.25,1028.6,1065.33,1078.85,1025.75,1033.83,955.19,1019.96,1021.69,1084.68
60046,39.82271,-8.60513,162,975.97,1024.72,1072.43,1063.19,1006.96,1019.28,1075.19,994.82,1024.38,989.06,1123.11,1111.33,1137.87,1097.34,1077.99,1048.28,1132.63,1105.97,1091.33,1016.33,1032.52,1076.08,1168.85,1127.28,1207.64,1242.55,1301.95,1211.69,1199.81,1191.19,1274.08,1290.25,1229.54,1232.32,1302.79,1141.52,1196.24,1269.51,1403.97
60048,39.9312,-8.03565,392,1075.53,1126.32,1179.88,1145.45,1085.59,1082,1152.67,1094.97,1126.58,1072.33,1217.71,1179.77,1200.46,1317.31,1132.11,1179.13,1275.29,1111.67,1071.84,1088.6,1101.84,1183.17,1254.1,1216.68,1274.43,1295.24,1377.38,1319.8,1252.31,1292.7,1353.32,1329.73,1363.3,1377.95,1341.66,1245.77,1302.99,1287.66,1432.93
60049,39.9842,-7.75029,393,1131.28,1162.47,1208.85,1163.29,1107.56,1103.18,1163.85,1141.23,1148.76,1083.22,1228.96,1187.38,1226.53,1337.96,1136.33,1181.89,1275.29,1120.53,1134.44,1088.6,1102.01,1183.17,1254.87,1216.68,1275.56,1295.19,1377.38,1319.8,1252.16,1292.7,1353.32,1330.08,1363.3,1377.95,1341.66,1246.17,1302.99,1285.73,1432.93
61045,39.97015,-8.86985,30,1045.9,1094.73,1128.7,1112.46,1044.04,1064.5,1092.64,1042.58,1067.76,1039.51,1135.57,1114.88,1155.05,1026.53,1028.79,1049.95,1131.73,1034.68,991.97,980.54,997.34,1019,1032.08,991.52,1069.42,1037.82,1115.78,1004.7,975.76,979.43,1005.25,1051.7,1084.4,1038.98,1043.81,1002.76,1044.11,1069.17,1128.12
61049,40.20352,-7.81251,496,1081.77,1092.94,1140.3,1107.23,1043.71,1049.41,1108.49,1085.91,1100.46,1044.99,1182.35,1147.44,1184.54,1313.51,1086.69,1129.3,1192.31,1109.91,1026.72,1088.02,1100.12,1176.76,1252.76,1215.49,1271.25,1295.33,1377.38,1319.8,1252.31,1292.7,1353.32,1330.08,1363.3,1377.95,1341.58,1246.17,1303.09,1284.72,1432.93
56044,38.84427,-8.89962,1,1117.14,1195.57,1186.55,1196.87,1099.48,1145.64,1121.82,1139.28,1155.18,1128.13,1124.21,1160.44,1261.54,1210.87,1126,1243.62,1312.65,1172.16,1093.64,1096.42,1088.15,1158.73,1204.4,1246.86,1313.26,1279.34,1368.37,1258.89,1300.25,1267.88,1335.43,1268.58,1260.92,1244.04,1235.05,1196.42,1291.61,1288.08,1386.92
56045,38.89218,-8.63218,34,1117.14,1195.57,1186.34,1196.53,1099.13,1146.57,1123.55,1139.28,1154.47,1128.13,1124.21,1160.3,1261.21,1171.36,1164.21,1244.95,1312.65,1172.16,1093.64,1096.42,1089.42,1153.55,1233.53,1237.62,1309.56,1303.53,1366.72,1239.49,1302.88,1286.11,1341.84,1291.13,1317.17,1284.78,1273.02,1146.16,1255.46,1271.29,1373.11
51045,37.79562,-8.32393,130,1247.17,1330.02,1349.45,1312.95,1256.28,1248.15,1286.45,1273.85,1254.82,1257.62,1267.86,1250.16,1328.41,1333.69,1230.72,1346.7,1400.44,1216.79,1155.32,1148.22,1161.58,1198.11,1221.92,1188.92,1246.59,1296.89,1390.49,1282.69,1247.29,1240.26,1378.92,1329.63,1354.87,1375.13,1350.61,1306.36,1387.59,1295.1,1467.64
54045,38.45392,-8.50718,78,1235.12,1323.32,1363.72,1305.61,1242.47,1224.82,1266.42,1269.18,1255.55,1233.19,1261.31,1274.05,1346.62,1199.38,1246.88,1340.53,1435.77,1205.83,1092.04,1096.42,1089.44,1165.95,1248.44,1235.27,1285.12,1273.24,1341.71,1223.1,1266.77,1253.91,1309.43,1308.41,1319.77,1291.72,1275.87,1151.9,1290.28,1275.31,1346.75
52049,38.22554,-7.27299,170,1276.89,1353.72,1399.95,1326.99,1345.39,1253.89,1345.88,1338.14,1308.19,1302.76,1376.37,1365.67,1403.95,1426.57,1325.64,1440.14,1556.39,1285.39,1294.1,1304.86,1340.94,1325.55,1363.36,1343.5,1378.64,1363.16,1440.56,1340.24,1290.16,1301.26,1458.53,1367.73,1391.76,1435.16,1394.28,1331.16,1428.94,1370.71,1544.78
52050,38.27611,-6.99421,248,1267.99,1349.27,1402.42,1319.17,1338.93,1244.13,1335.05,1332.19,1305.01,1300.16,1375.89,1365.46,1401.39,1414.31,1314.65,1422.52,1543.74,1274.9,1293.41,1318.82,1373.76,1323.58,1363.44,1343.83,1377.25,1388.25,1471.38,1336.78,1279.56,1288.76,1433.12,1343.99,1364.28,1402.23,1360.36,1313.76,1411.68,1340.69,1501.36
55050,38.93705,-7.16648,277,1207.87,1265.28,1292.78,1247.21,1274.77,1221.25,1289.14,1292.96,1272.02,1233.69,1341.07,1324.34,1366.53,1367.41,1256.12,1353.78,1520.21,1283.55,1298.94,1316.87,1371.06,1333.9,1358.5,1345.77,1337.73,1370.38,1448.84,1378.46,1322.6,1314.44,1398.42,1317.61,1339.48,1374.15,1336.69,1290.63,1369.5,1316.3,1440.9
56048,39.05361,-7.78903,218,1271.63,1341.27,1387.14,1309.69,1306.9,1236.43,1317.35,1311.13,1284.23,1255.71,1354.26,1313.34,1374.76,1420.37,1231.2,1287.38,1403.9,1217.01,1194.35,1166.6,1189.59,1242.68,1325.57,1294.06,1343.09,1360.94,1437.97,1343.57,1328.79,1320.76,1398.26,1361.29,1379.67,1409.86,1363.85,1305.04,1403.72,1359.39,1504.28
56049,39.10578,-7.50719,297,1218.59,1273.57,1317.06,1263.45,1258.19,1201.73,1281.81,1262.89,1256.72,1212.39,1351.32,1316.01,1361.98,1378.26,1252.84,1325.3,1475.5,1234.99,1202.57,1202.35,1235.39,1255.04,1330.6,1311.56,1346.15,1366.2,1437.39,1370.63,1329.28,1322.79,1421.24,1352.95,1381.1,1403.56,1346.28,1279.16,1373.33,1338.97,1465.57
57050,39.37711,-7.28402,409,1209.19,1263.83,1323.89,1257.16,1244.99,1216.23,1292.14,1279.08,1279.59,1210.64,1361.21,1312.75,1361.55,1365.42,1196.86,1282.96,1355.45,1219.75,1257.48,1177.48,1204.12,1208.18,1293.11,1279.64,1279.73,1305.63,1416.22,1338.53,1241.26,1244.69,1313.36,1261.93,1297.69,1352.73,1266.66,1254.48,1304.19,1280.58,1432.44
53049,38.44577,-7.33073,184,1273.76,1352.35,1397.65,1320.83,1339.03,1250.19,1338.2,1334.89,1295.91,1298.04,1373.37,1358.28,1395.98,1434.28,1313.45,1438.05,1555.75,1278.49,1291.46,1318.16,1370.46,1321.32,1350.14,1332.57,1373.51,1357.94,1423.58,1335.23,1304.26,1302.5,1434.67,1347.71,1376.81,1424.37,1378.68,1314.75,1421.41,1386.69,1517.06
54048,38.61411,-7.66912,235,1268.01,1341.78,1385.07,1303.67,1302.54,1236.92,1319,1307.78,1275.31,1248.73,1354.73,1323.38,1368.38,1417.52,1305.57,1439.53,1555.75,1264.55,1193.97,1219.48,1230.97,1276.09,1386.01,1361.08,1389.29,1439.28,1512.52,1418.74,1383.29,1357.25,1436.89,1393.28,1399.15,1419.55,1380.93,1333.29,1445.35,1373.91,1505.85
54049,38.66589,-7.38901,236,1262.23,1335.62,1381.4,1309.8,1310.77,1239.57,1322.91,1312.06,1284.31,1256.2,1359.16,1340.51,1380.11,1411.31,1280.76,1359.84,1527.44,1274.8,1292.57,1317.29,1368.44,1319.11,1373.99,1360.91,1380.42,1402.32,1467.53,1398.48,1366.39,1337.59,1456.46,1364.92,1388.32,1416.69,1362.24,1309.18,1411.56,1362.87,1481.59
