"Muni_ID","ID","Muni","X1987","X1988","X1989","X1990","X1991","X1992","X1993","X1994","X1995","X1996","X1997","X1998","X1999","X2000","X2001","X2002","X2003","X2004","X2005","X2006","X2007","X2008","X2009","X2010","X2011","X2012","X2013","X2014","X2015","X2016","X2017"
1601,"1111601","Arcos de Valdevez",0.1,0.1,0.1,0.1,0.1,0.2,0.2,0.2,0.2,0.2,0.1,0.1,0.1,0.1,0.1,0.1,0.1,0.1,0.1,0.2,0.2,0.2,0.2,0.2,0.2,0.2,0.2,0.2,0.2,0.2,0.3
1602,"1111602","Caminha",0.2,0.2,0.2,0.2,0.2,0.3,0.2,0.2,0.2,0,0,0,0,0,0,0,0,0,0,0,0,0,0,0,0,0,0,0.1,0,0,0.1
1603,"1111603","Melgaço",1,0.8,1,0.7,1,1.1,1.1,0.9,0.9,0.6,0.6,0.6,0.6,0.4,0.4,0.4,0.4,0.4,0.5,0.6,0.6,0.6,0.6,0.6,0.5,0.5,0.5,0.6,0.5,0.5,0.8
1604,"1111604","Monção",0,0,0,0,0,0,0,0,0,0,0,0,0,0,0,0,0,0,0,0,0,0,0,0,0,0,0,0,0,0,0
1605,"1111605","Paredes de Coura",0.1,0.1,0.1,0.1,0.1,0.1,0.1,0.1,0.1,0,0,0,0,0,0,0,0,0,0,0.1,0.1,0.1,0.1,0.1,0.1,0.1,0.1,0.1,0.1,0.1,0.1
1606,"1111606","Ponte da Barca",0.3,0.2,0.3,0.2,0.3,0.3,0.3,0.2,0.2,0.1,0.1,0.1,0.1,0.1,0.1,0.1,0.1,0.1,0.1,0.1,0.1,0.1,0.1,0.1,0.1,0.1,0.1,0.1,0.1,0.1,0.2
1607,"1111607","Ponte de Lima",1.3,1,1.4,0.9,1.4,1.5,1.6,1.3,1.3,1.1,0.9,0.9,1,0.7,0.7,0.6,0.6,0.6,0.7,0.7,0.7,0.7,0.7,0.7,0.6,0.6,0.6,0.7,0.6,0.6,1
1608,"1111608","Valença",0.1,0,0.1,0,0.1,0.1,0.3,0.3,0.3,0.6,0.5,0.5,0.5,0.4,0.4,0.3,0.6,0.6,0.7,1.1,1.1,1.1,1.1,1.1,1,1,1,1.2,1,1,1.6
1609,"1111609","Viana do Castelo",0.3,0.2,0.3,0.2,0.3,0.3,0.3,0.2,0.2,0.1,0.1,0.1,0.1,0.1,0.1,0.1,0.1,0.1,0.1,0.1,0.1,0.1,0.1,0.1,0.1,0.1,0.1,0.1,0.1,0.1,0.1
1610,"1111610","Vila Nova de Cerveira",0.1,0.1,0.1,0.1,0.1,0.1,0.1,0.1,0.1,0,0,0,0,0,0,0,0,0,0,0.1,0.1,0.1,0.1,0.1,0.1,0.1,0.1,0.1,0.1,0.1,0.1
301,"1120301","Amares",0.3,0.2,0.3,0.2,0.3,0.3,0.7,0.6,0.6,1,0.9,0.9,0.9,0.7,0.7,0.6,0.7,0.7,0.8,1,1,1,1,1,0.9,0.9,0.9,1.1,0.9,0.9,1.4
302,"1120302","Barcelos",1.8,1.4,2,1.3,2,2.1,2.2,1.9,1.9,1.4,1.3,1.3,1.4,1,1,0.8,0.7,0.7,0.7,0.5,0.5,0.4,0.4,0.4,0.4,0.4,0.4,0.5,0.4,0.4,0.7
303,"1120303","Braga",0.5,0.4,0.5,0.3,0.5,0.5,0.6,0.5,0.5,0.5,0.4,0.4,0.4,0.3,0.3,0.3,0.2,0.2,0.3,0.1,0.1,0.1,0.1,0.1,0.1,0.1,0.1,0.2,0.1,0.1,0.2
306,"1120306","Esposende",0.2,0.2,0.2,0.1,0.2,0.2,0.2,0.2,0.2,0.1,0.1,0.1,0.1,0.1,0.1,0.1,0.1,0.1,0.1,0,0,0,0,0,0,0,0,0,0,0,0.1
310,"1120310","Terras de Bouro",0.8,0.6,0.8,0.5,0.8,0.9,1.1,0.9,0.9,0.9,0.8,0.8,0.8,0.6,0.6,0.5,0.4,0.4,0.5,0.3,0.3,0.3,0.3,0.3,0.3,0.3,0.3,0.3,0.3,0.3,0.4
313,"1120313","Vila Verde",1,0.8,1.1,0.7,1.1,1.2,1.8,1.5,1.5,1.8,1.6,1.6,1.7,1.3,1.3,1,1,1,1.1,1,1,1,1,1,0.9,0.9,0.9,1.1,0.9,0.9,1.5
307,"1130307","Fafe",0.4,0.3,0.4,0.3,0.4,0.4,0.5,0.4,0.4,0.4,0.3,0.3,0.4,0.3,0.3,0.2,0.3,0.3,0.3,0.5,0.5,0.5,0.5,0.5,0.4,0.4,0.4,0.5,0.4,0.4,0.7
308,"1130308","Guimarães",1.1,0.9,1.2,0.8,1.2,1.3,1.5,1.2,1.2,1.1,1,1,1,0.8,0.8,0.6,0.5,0.5,0.6,0.4,0.4,0.4,0.4,0.4,0.4,0.4,0.4,0.5,0.4,0.4,0.6
309,"1130309","Póvoa de Lanhoso",1.4,1.1,1.5,0.9,1.5,1.6,1.3,1.1,1.1,0.3,0.3,0.3,0.3,0.2,0.2,0.2,0.4,0.4,0.4,0.8,0.8,0.8,0.8,0.8,0.8,0.8,0.8,0.9,0.8,0.8,1.2
1314,"1131314","Santo Tirso",0.3,0.2,0.3,0.2,0.3,0.3,0.3,0.2,0.2,0.1,0.1,0.1,0.1,0.1,0.1,0.1,0.1,0.1,0.1,0.1,0.1,0.1,0.1,0.1,0.1,0.1,0.1,0.1,0.1,0.1,0.2
1318,"1131318","Trofa",0,0,0,0,0,0,0.3,0.2,0.2,0.5,0.5,0.5,0.5,0.4,0.4,0.3,0.2,0.2,0.2,0,0,0,0,0,0,0,0,0,0,0,0
311,"1130311","Vieira do Minho",1.5,1.2,1.6,1,1.6,1.7,1.5,1.3,1.3,0.7,0.6,0.6,0.6,0.5,0.5,0.4,0.4,0.4,0.4,0.5,0.5,0.4,0.4,0.4,0.4,0.4,0.4,0.5,0.4,0.4,0.7
312,"1130312","Vila Nova de Famalicão",0.7,0.6,0.8,0.5,0.8,0.8,1,0.8,0.8,0.8,0.8,0.8,0.8,0.6,0.6,0.5,2.4,2.4,2.7,6.1,6.1,6.1,6.1,6.1,5.4,5.4,5.4,6.7,5.4,5.4,8.9
314,"1130314","Vizela",0,0,0,0,0,0,0,0,0,0,0,0,0,0,0,0,0,0,0,0,0,0,0,0,0,0,0,0,0,0,0
107,"1140107","Espinho",0,0,0,0,0,0,0,0,0,0,0,0,0,0,0,0,0,0,0,0,0,0,0,0,0,0,0,0,0,0,0
1304,"1141304","Gondomar",0.1,0.1,0.1,0.1,0.1,0.1,0.1,0.1,0.1,0,0,0,0,0,0,0,0,0,0,0,0,0,0,0,0,0,0,0,0,0,0
1306,"1141306","Maia",0.1,0.1,0.1,0,0.1,0.1,0.1,0,0,0,0,0,0,0,0,0,0,0,0,0,0,0,0,0,0,0,0,0,0,0,0
1308,"1141308","Matosinhos",0,0,0,0,0,0,0,0,0,0,0,0,0,0,0,0,0,0,0,0,0,0,0,0,0,0,0,0,0,0,0
1312,"1141312","Porto",0,0,0,0,0,0,0,0,0,0,0,0,0,0,0,0,0,0,0,0,0,0,0,0,0,0,0,0,0,0,0
1313,"1141313","Póvoa de Varzim",2.3,1.8,2.5,1.6,2.5,2.7,4.4,3.7,3.7,5.1,4.6,4.6,4.7,3.5,3.5,2.9,2.8,2.7,3.1,2.8,2.8,2.8,2.8,2.8,2.5,2.5,2.5,3.1,2.5,2.5,4.1
1315,"1141315","Valongo",1,0.8,1.1,0.7,1.1,1.2,0.9,0.7,0.7,0.1,0.1,0.1,0.1,0.1,0.1,0.1,0,0,0,0,0,0,0,0,0,0,0,0,0,0,0
1316,"1141316","Vila do Conde",1.6,1.3,1.8,1.1,1.8,1.9,2.4,2,2,2.1,1.9,1.9,2,1.5,1.5,1.2,0.8,0.8,0.9,0.1,0.1,0.1,0.1,0.1,0,0,0,0.1,0,0,0.1
1317,"1141317","Vila Nova de Gaia",0.1,0.1,0.2,0.1,0.2,0.2,0.2,0.1,0.1,0.1,0.1,0.1,0.1,0.1,0.1,0,0,0,0.1,0.1,0.1,0.1,0.1,0.1,0.1,0.1,0.1,0.1,0.1,0.1,0.1
1301,"1151301","Amarante",0.5,0.4,0.5,0.3,0.5,0.6,1,0.8,0.8,1.2,1.1,1.1,1.1,0.8,0.8,0.7,0.4,0.4,0.5,0.1,0.1,0.1,0.1,0.1,0.1,0.1,0.1,0.1,0.1,0.1,0.1
1302,"1151302","Baião",0.1,0.1,0.1,0.1,0.1,0.1,0.1,0.1,0.1,0,0,0,0,0,0,0,0,0,0,0,0,0,0,0,0,0,0,0,0,0,0
304,"1150304","Cabeceiras de Basto",1.3,1,1.4,0.9,1.4,1.5,1.5,1.3,1.3,1,0.9,0.9,0.9,0.7,0.7,0.6,0.5,0.5,0.6,0.6,0.6,0.6,0.6,0.6,0.5,0.5,0.5,0.7,0.5,0.5,0.9
106,"1150106","Castelo de Paiva",0,0,0,0,0,0,0,0,0,0,0,0,0,0,0,0,0,0,0,0,0,0,0,0,0,0,0,0,0,0,0
305,"1150305","Celorico de Basto",0.3,0.2,0.3,0.2,0.3,0.4,0.6,0.5,0.5,0.7,0.7,0.7,0.7,0.5,0.5,0.4,0.3,0.3,0.3,0.1,0.1,0.1,0.1,0.1,0.1,0.1,0.1,0.1,0.1,0.1,0.1
1804,"1151804","Cinfães",0.4,0.3,0.4,0.3,0.4,0.4,0.4,0.3,0.3,0.1,0.1,0.1,0.1,0.1,0.1,0.1,0.1,0.1,0.1,0.1,0.1,0.1,0.1,0.1,0.1,0.1,0.1,0.1,0.1,0.1,0.1
1303,"1151303","Felgueiras",0.4,0.3,0.5,0.3,0.5,0.5,0.8,0.6,0.6,0.8,0.7,0.7,0.7,0.5,0.5,0.5,0.6,0.6,0.7,1,1,0.9,0.9,0.9,0.9,0.8,0.8,1.1,0.8,0.8,1.4
1305,"1151305","Lousada",0.8,0.6,0.8,0.5,0.8,0.9,0.9,0.8,0.8,0.6,0.5,0.5,0.6,0.4,0.4,0.3,0.3,0.3,0.3,0.1,0.1,0.1,0.1,0.1,0.1,0.1,0.1,0.2,0.1,0.1,0.2
1307,"1151307","Marco de Canaveses",0.3,0.3,0.4,0.2,0.4,0.4,0.3,0.3,0.3,0.1,0.1,0.1,0.1,0.1,0.1,0.1,0,0,0.1,0,0,0,0,0,0,0,0,0,0,0,0
1705,"1151705","Mondim de Basto",0.7,0.6,0.8,0.5,0.8,0.8,1.1,0.9,0.9,1.1,1,1,1,0.7,0.7,0.6,0.4,0.4,0.5,0.1,0.1,0.1,0.1,0.1,0.1,0.1,0.1,0.1,0.1,0.1,0.2
1309,"1151309","Paços de Ferreira",0.7,0.6,0.8,0.5,0.8,0.8,0.7,0.6,0.6,0.2,0.1,0.1,0.2,0.1,0.1,0.1,0.1,0.1,0.1,0.1,0.1,0.1,0.1,0.1,0.1,0.1,0.1,0.1,0.1,0.1,0.1
1310,"1151310","Paredes",1.8,1.5,2,1.3,2,2.2,2,1.7,1.7,1,0.9,0.9,0.9,0.7,0.7,0.6,0.4,0.4,0.5,0.2,0.2,0.2,0.2,0.2,0.2,0.2,0.2,0.3,0.2,0.2,0.4
1311,"1151311","Penafiel",0.4,0.3,0.4,0.3,0.4,0.4,0.4,0.3,0.3,0.2,0.2,0.2,0.2,0.1,0.1,0.1,0.1,0.1,0.1,0,0,0,0,0,0,0,0,0,0,0,0
1813,"1151813","Resende",1.3,1.1,1.5,0.9,1.5,1.6,1.7,1.4,1.4,1.3,1.1,1.1,1.2,0.9,0.9,0.7,0.5,0.5,0.5,0,0,0,0,0,0,0,0,0,0,0,0
1709,"1151709","Ribeira de Pena",0.5,0.4,0.5,0.3,0.5,0.6,0.6,0.5,0.5,0.3,0.3,0.3,0.3,0.2,0.2,0.2,0.2,0.1,0.2,0.1,0.1,0.1,0.1,0.1,0.1,0.1,0.1,0.1,0.1,0.1,0.2
104,"1160104","Arouca",0.6,0.4,0.6,0.4,0.6,0.7,0.6,0.5,0.5,0.4,0.3,0.3,0.3,0.3,0.3,0.2,0.2,0.2,0.2,0.2,0.2,0.2,0.2,0.2,0.2,0.2,0.2,0.2,0.2,0.2,0.3
113,"1160113","Oliveira de Azeméis",0.4,0.3,0.4,0.3,0.4,0.5,0.7,0.6,0.6,0.7,0.6,0.6,0.6,0.5,0.5,0.4,0.7,0.6,0.7,1.2,1.2,1.2,1.2,1.2,1.1,1.1,1.1,1.3,1.1,1.1,1.7
109,"1160109","Santa Maria da Feira",0.1,0.1,0.1,0.1,0.1,0.1,0.3,0.3,0.3,0.5,0.4,0.4,0.4,0.3,0.3,0.3,0.2,0.2,0.2,0.1,0.1,0.1,0.1,0.1,0.1,0.1,0.1,0.1,0.1,0.1,0.2
116,"1160116","São João da Madeira",0,0,0,0,0,0,0,0,0,0,0,0,0,0,0,0,0,0,0,0,0,0,0,0,0,0,0,0,0,0,0
119,"1160119","Vale de Cambra",0.3,0.2,0.3,0.2,0.3,0.3,0.4,0.4,0.4,0.4,0.3,0.3,0.3,0.3,0.3,0.2,0.1,0.1,0.2,0,0,0,0,0,0,0,0,0,0,0,0
1701,"1171701","Alijó",0.1,0.1,0.2,0.1,0.2,0.2,0.2,0.1,0.1,0.1,0.1,0.1,0.1,0.1,0.1,0.1,0.2,0.2,0.2,0.4,0.4,0.4,0.4,0.4,0.4,0.4,0.4,0.4,0.4,0.4,0.6
1801,"1171801","Armamar",0.6,0.5,0.8,0.5,0.8,0.8,0.6,0.6,0.6,0.2,0.2,0.2,0.1,0.1,0.1,0.1,0.1,0.1,0.1,0.1,0.1,0.1,0.1,0.1,0.1,0.1,0.1,0.1,0.1,0.1,0.1
403,"1170403","Carrazeda de Ansiães",0.1,0,0.1,0,0.1,0.1,0.1,0.1,0.1,0.2,0.2,0.2,0.2,0.1,0.1,0.1,0.3,0.3,0.2,0.4,0.4,0.5,0.4,0.4,0.4,0.4,0.4,0.4,0.6,0.6,0.4
404,"1170404","Freixo de Espada à Cinta",0.2,0.1,0.2,0.1,0.2,0.2,0.1,0.1,0.1,0,0,0,0,0,0,0,0,0,0,0,0,0,0,0,0,0,0,0,0,0,0
1805,"1171805","Lamego",1.1,0.8,1.3,0.8,1.3,1.3,1.1,1.1,1.1,0.5,0.5,0.5,0.4,0.2,0.2,0.2,0.2,0.2,0.2,0,0,0.1,0,0,0,0,0,0,0.1,0.1,0
1704,"1171704","Mesão Frio",0,0,0,0,0,0,0,0,0,0,0,0,0,0,0,0,0,0,0,0,0,0,0,0,0,0,0,0,0,0,0
1807,"1171807","Moimenta da Beira",0.4,0.3,0.5,0.3,0.5,0.5,0.8,0.8,0.8,1,1,1,0.9,0.5,0.5,0.5,1,1,0.7,1.2,1.2,1.8,1.2,1.2,1.3,1.3,1.3,1.3,2,2,1.5
1812,"1171812","Penedono",0.1,0.1,0.1,0.1,0.1,0.1,0.1,0.1,0.1,0.1,0.1,0.1,0.1,0,0,0,0,0,0,0,0,0,0,0,0,0,0,0,0,0,0
1708,"1171708","Peso da Régua",0.6,0.5,0.8,0.5,0.8,0.7,0.6,0.6,0.6,0.2,0.2,0.2,0.2,0.1,0.1,0.1,0.1,0.1,0.1,0,0,0,0,0,0,0,0,0,0,0,0
1710,"1171710","Sabrosa",0.4,0.3,0.5,0.3,0.5,0.5,0.4,0.4,0.4,0.1,0.1,0.1,0.1,0,0,0,0.1,0.1,0.1,0.1,0.1,0.2,0.1,0.1,0.2,0.2,0.2,0.2,0.2,0.2,0.2
1711,"1171711","Santa Marta de Penaguião",1.2,0.9,1.5,0.9,1.5,1.5,1,1,1,0,0,0,0,0,0,0,0,0,0,0,0,0,0,0,0,0,0,0,0,0,0
1815,"1171815","São João da Pesqueira",0.3,0.2,0.3,0.2,0.3,0.3,0.3,0.3,0.3,0.2,0.2,0.2,0.2,0.1,0.1,0.1,0.1,0.1,0.1,0,0,0.1,0,0,0,0,0,0,0.1,0.1,0
1818,"1171818","Sernancelhe",0.1,0.1,0.1,0.1,0.1,0.1,0.2,0.2,0.2,0.2,0.2,0.2,0.1,0.1,0.1,0.1,0.1,0.1,0.1,0,0,0,0,0,0,0,0,0,0,0,0
1819,"1171819","Tabuaço",0.7,0.5,0.9,0.5,0.9,0.9,0.7,0.7,0.7,0.2,0.2,0.2,0.2,0.1,0.1,0.1,0.1,0.1,0.1,0,0,0,0,0,0,0,0,0,0,0,0
1820,"1171820","Tarouca",1.8,1.3,2.2,1.3,2.2,2.2,4.5,4.5,4.5,6.8,6.8,6.8,6.3,3.1,3.1,3.1,3.1,3.1,2.3,0,0,0,0,0,0,0,0,0,0,0,0
409,"1170409","Torre de Moncorvo",0.2,0.2,0.3,0.2,0.3,0.3,0.3,0.3,0.3,0.2,0.2,0.2,0.2,0.1,0.1,0.1,0.1,0.1,0.1,0.1,0.1,0.1,0.1,0.1,0.1,0.1,0.1,0.1,0.1,0.1,0.1
410,"1170410","Vila Flor",0.2,0.2,0.3,0.2,0.3,0.3,0.2,0.2,0.2,0.1,0.1,0.1,0.1,0,0,0,0.1,0.1,0.1,0.1,0.1,0.1,0.1,0.1,0.1,0.1,0.1,0.1,0.1,0.1,0.1
914,"1170914","Vila Nova de Foz Côa",0,0,0.1,0,0.1,0.1,0.1,0.1,0.1,0.2,0.2,0.2,0.2,0.1,0.1,0.1,0.1,0.1,0.1,0,0,0,0,0,0,0,0,0,0,0,0
1714,"1171714","Vila Real",2.2,1.6,2.7,1.6,2.7,2.7,2.2,2.2,2.2,0.9,0.9,0.9,0.8,0.4,0.4,0.4,0.6,0.6,0.4,0.4,0.4,0.6,0.4,0.4,0.4,0.4,0.4,0.4,0.7,0.7,0.5
401,"1180401","Alfândega da Fé",0.5,0.4,0.6,0.4,0.6,0.6,0.6,0.6,0.6,0.5,0.5,0.5,0.4,0.2,0.2,0.2,0.4,0.4,0.3,0.4,0.4,0.6,0.4,0.4,0.4,0.4,0.4,0.4,0.6,0.6,0.4
1702,"1181702","Boticas",0.5,0.4,0.6,0.4,0.6,0.6,0.5,0.5,0.5,0.3,0.3,0.3,0.2,0.1,0.1,0.1,0.2,0.2,0.1,0.1,0.1,0.2,0.1,0.1,0.1,0.1,0.1,0.1,0.2,0.2,0.2
402,"1180402","Bragança",1.2,0.9,1.5,0.9,1.5,1.5,2.1,2.1,2.1,2.6,2.6,2.6,2.4,1.2,1.2,1.2,2.2,2.2,1.7,2.3,2.3,3.4,2.3,2.3,2.6,2.5,2.5,2.5,3.8,3.8,2.8
1703,"1181703","Chaves",0.8,0.6,1,0.6,1,1,1.5,1.5,1.5,1.9,1.9,1.9,1.7,0.9,0.9,0.9,1.6,1.6,1.2,1.6,1.6,2.4,1.6,1.6,1.8,1.8,1.8,1.8,2.7,2.7,2
405,"1180405","Macedo de Cavaleiros",0.2,0.2,0.3,0.2,0.3,0.3,0.6,0.6,0.6,0.9,0.9,0.9,0.9,0.4,0.4,0.4,0.6,0.6,0.5,0.4,0.4,0.6,0.4,0.4,0.4,0.4,0.4,0.4,0.7,0.7,0.5
406,"1180406","Miranda do Douro",0.4,0.3,0.5,0.3,0.5,0.5,0.7,0.7,0.7,0.9,0.9,0.9,0.9,0.4,0.4,0.4,0.8,0.8,0.6,0.9,0.9,1.3,0.9,0.9,1,1,1,1,1.4,1.4,1.1
407,"1180407","Mirandela",1.1,0.8,1.4,0.8,1.4,1.4,1.5,1.5,1.5,1.3,1.3,1.3,1.2,0.6,0.6,0.6,1,1,0.7,0.8,0.8,1.2,0.8,0.8,0.9,0.9,0.9,0.9,1.3,1.3,1
408,"1180408","Mogadouro",1.7,1.3,2.1,1.3,2.1,2.1,2.3,2.3,2.3,2,2,2,1.8,0.9,0.9,0.9,3.5,3.5,2.6,5.9,5.9,8.7,5.8,5.8,6.5,6.4,6.4,6.4,9.6,9.6,7.1
1706,"1181706","Montalegre",0.6,0.5,0.8,0.5,0.8,0.8,0.7,0.7,0.7,0.5,0.5,0.5,0.5,0.2,0.2,0.2,0.3,0.3,0.2,0.2,0.2,0.3,0.2,0.2,0.2,0.2,0.2,0.2,0.3,0.3,0.3
1707,"1181707","Murça",0.4,0.3,0.5,0.3,0.5,0.5,0.6,0.6,0.6,0.6,0.6,0.6,0.6,0.3,0.3,0.3,0.4,0.4,0.3,0.3,0.3,0.4,0.3,0.3,0.3,0.3,0.3,0.3,0.5,0.5,0.4
1712,"1181712","Valpaços",0.2,0.2,0.3,0.2,0.3,0.3,0.5,0.5,0.5,0.7,0.7,0.7,0.6,0.3,0.3,0.3,0.4,0.4,0.3,0.2,0.2,0.4,0.2,0.2,0.3,0.3,0.3,0.3,0.4,0.4,0.3
1713,"1181713","Vila Pouca de Aguiar",1.2,0.9,1.5,0.9,1.5,1.5,1.1,1.1,1.1,0.3,0.3,0.3,0.3,0.1,0.1,0.1,0.3,0.3,0.2,0.3,0.3,0.5,0.3,0.3,0.4,0.4,0.4,0.4,0.5,0.5,0.4
411,"1180411","Vimioso",0.7,0.5,0.8,0.5,0.8,0.8,0.8,0.8,0.8,0.6,0.6,0.6,0.6,0.3,0.3,0.3,0.3,0.3,0.2,0.1,0.1,0.1,0.1,0.1,0.1,0.1,0.1,0.1,0.2,0.2,0.1
412,"1180412","Vinhais",0.1,0,0.1,0,0.1,0.1,0.3,0.3,0.3,0.6,0.6,0.6,0.6,0.3,0.3,0.3,0.4,0.4,0.3,0.3,0.3,0.5,0.3,0.3,0.4,0.4,0.4,0.4,0.6,0.6,0.4
101,"1610101","Águeda",4.4,4,4.7,4.7,4.9,5.8,6.2,6.2,6.3,6.1,6.1,6.1,7.9,6.9,6.7,5.9,4.1,4.1,5.2,2.3,2.3,2.3,2.2,2.1,2.2,2.1,2,2.1,2.2,2.2,2.3
102,"1610102","Albergaria-a-Velha",5.9,5.4,6.4,6.4,6.7,7.9,7.9,7.9,8.1,7.5,7.5,7.5,9.6,8.5,8.1,7.3,5.7,5.8,7.2,4.8,4.7,4.7,4.6,4.4,4.5,4.3,4.1,4.3,4.5,4.5,4.7
103,"1610103","Anadia",5.1,4.7,5.5,5.5,5.8,6.8,6.7,6.7,6.8,6.3,6.3,6.3,8.1,7.1,6.8,6.1,4.6,4.7,5.9,3.5,3.4,3.5,3.4,3.2,3.3,3.2,3,3.2,3.3,3.3,3.5
105,"1610105","Aveiro",2.1,1.9,2.3,2.3,2.4,2.8,2.2,2.2,2.2,1.5,1.5,1.5,1.9,1.7,1.6,1.4,1.1,1.2,1.5,1,1,1,1,0.9,0.9,0.9,0.9,0.9,1,1,1
108,"1610108","Estarreja",1.1,1,1.2,1.2,1.3,1.5,1.3,1.3,1.4,1.1,1.1,1.1,1.5,1.3,1.2,1.1,0.9,0.9,1.1,0.7,0.7,0.7,0.7,0.7,0.7,0.7,0.6,0.7,0.7,0.7,0.7
110,"1610110","Ílhavo",1.2,1.1,1.3,1.3,1.3,1.6,1,1,1,0.4,0.4,0.4,0.5,0.4,0.4,0.4,0.3,0.3,0.4,0.3,0.2,0.3,0.2,0.2,0.2,0.2,0.2,0.2,0.2,0.2,0.3
111,"1610111","Mealhada",4.4,4,4.8,4.8,5,5.8,6.1,6.1,6.3,6.1,6.1,6.1,7.8,6.9,6.6,5.9,4.9,5,6.3,4.7,4.6,4.7,4.6,4.4,4.4,4.3,4,4.3,4.5,4.5,4.7
112,"1610112","Murtosa",0.3,0.2,0.3,0.3,0.3,0.4,0.4,0.4,0.4,0.5,0.5,0.5,0.6,0.5,0.5,0.4,0.4,0.4,0.5,0.4,0.4,0.4,0.4,0.4,0.4,0.4,0.3,0.4,0.4,0.4,0.4
114,"1610114","Oliveira do Bairro",1.9,1.8,2.1,2.1,2.2,2.5,2.5,2.5,2.5,2.3,2.3,2.3,2.9,2.6,2.5,2.2,1.7,1.7,2.1,1.3,1.2,1.3,1.2,1.2,1.2,1.2,1.1,1.2,1.2,1.2,1.3
115,"1610115","Ovar",0.9,0.9,1,1,1.1,1.2,1,1,1.1,0.8,0.8,0.8,1,0.9,0.9,0.8,0.4,0.5,0.6,0.1,0.1,0.1,0.1,0.1,0.1,0.1,0.1,0.1,0.1,0.1,0.1
117,"1610117","Sever do Vouga",2.4,2.2,2.6,2.6,2.8,3.2,4.2,4.2,4.2,4.7,4.7,4.7,6.1,5.3,5.1,4.6,3.6,3.6,4.5,2.9,2.8,2.9,2.8,2.7,2.7,2.6,2.5,2.6,2.8,2.8,2.9
118,"1610118","Vagos",1.6,1.5,1.8,1.8,1.8,2.2,3,3,3,3.5,3.5,3.5,4.5,3.9,3.8,3.4,2.6,2.6,3.3,2.1,2,2,2,1.9,1.9,1.9,1.8,1.9,2,2,2
602,"1620602","Cantanhede",10.3,9.5,11.2,11.2,11.7,13.7,13.6,13.6,13.8,12.7,12.7,12.7,16.3,14.4,13.8,12.3,10.1,10.3,12.8,9.3,9.1,9.2,9,8.6,8.7,8.4,7.9,8.4,8.9,8.9,9.2
603,"1620603","Coimbra",1.4,1.3,1.5,1.5,1.6,1.9,1.7,1.7,1.7,1.5,1.5,1.5,1.9,1.7,1.6,1.4,1.1,1.1,1.4,0.9,0.9,0.9,0.9,0.8,0.8,0.8,0.8,0.8,0.9,0.9,0.9
604,"1620604","Condeixa-a-Nova",0.4,0.4,0.5,0.5,0.5,0.6,0.5,0.5,0.5,0.3,0.3,0.3,0.4,0.4,0.4,0.3,0.2,0.2,0.2,0,0,0,0,0,0,0,0,0,0,0,0
605,"1620605","Figueira da Foz",3.6,3.3,3.9,3.9,4,4.8,4.3,4.3,4.4,3.8,3.8,3.8,4.8,4.2,4.1,3.6,3.2,3.2,4,3.2,3.2,3.2,3.1,3,3,2.9,2.8,2.9,3.1,3.1,3.2
608,"1620608","Mira",2.2,2.1,2.4,2.4,2.5,3,3.5,3.5,3.6,3.8,3.8,3.8,4.9,4.3,4.1,3.7,4,4.1,5.1,5.5,5.4,5.5,5.4,5.1,5.2,5,4.7,5,5.3,5.3,5.5
610,"1620610","Montemor-o-Velho",12.2,11.2,13.2,13.2,13.8,16.2,17,17,17.3,16.7,16.7,16.7,21.5,18.9,18.2,16.2,15.8,16,20.1,19.2,18.8,19,18.6,17.7,18,17.3,16.3,17.3,18.3,18.3,19
613,"1620613","Penacova",0.1,0.1,0.1,0.1,0.1,0.1,0.1,0.1,0.1,0,0,0,0,0,0,0,0,0,0,0,0,0,0,0,0,0,0,0,0,0,0
615,"1620615","Soure",1.2,1.1,1.3,1.3,1.3,1.5,1.5,1.5,1.5,1.3,1.3,1.3,1.7,1.5,1.4,1.3,0.8,0.9,1.1,0.4,0.4,0.4,0.4,0.3,0.3,0.3,0.3,0.3,0.4,0.4,0.4
1004,"1631004","Batalha",28.4,26.1,30.8,30.8,32.1,37.8,35,35,35.7,30.7,30.7,30.7,39.4,34.8,33.3,29.8,32.1,32.6,40.8,43.7,42.7,43.3,42.3,40.3,41,39.4,37.2,39.4,41.6,41.6,43.3
1009,"1631009","Leiria",111.4,102.4,120.8,120.8,126.1,148.2,221.7,221.7,226.1,273.8,273.8,273.8,351.3,309.8,297.1,265.5,332.7,337.2,422.1,517.9,506.1,512.4,500.7,477.4,484.7,466.5,440.6,466.5,492.4,492.4,512.7
1010,"1631010","Marinha Grande",0,0,0,0,0,0,0,0,0,0,0,0,0,0,0,0,0,0,0,0,0,0,0,0,0,0,0,0,0,0,0
1015,"1631015","Pombal",13.5,12.4,14.7,14.7,15.3,18,21.5,21.5,22,23.5,23.5,23.5,30.1,26.6,25.5,22.8,20.1,20.3,25.5,21,20.5,20.8,20.3,19.3,19.7,18.9,17.9,18.9,20,20,20.8
1016,"1631016","Porto de Mós",20.1,18.4,21.8,21.8,22.7,26.7,23.2,23.2,23.7,19,19,19,24.4,21.5,20.6,18.4,44.3,45,56.2,94.7,92.6,93.7,91.6,87.3,88.7,85.3,80.6,85.3,90.1,90.1,93.8
1002,"1641002","Alvaiázere",0.6,0.6,0.7,0.7,0.7,0.8,0.7,0.7,0.7,0.6,0.6,0.6,0.7,0.7,0.6,0.6,0.4,0.4,0.5,0.2,0.2,0.2,0.1,0.1,0.1,0.1,0.1,0.1,0.1,0.1,0.2
1003,"1641003","Ansião",1.4,1.3,1.5,1.5,1.6,1.9,2,2,2,2,2,2,2.5,2.2,2.1,1.9,1.6,1.6,2,1.5,1.4,1.5,1.4,1.4,1.4,1.3,1.3,1.3,1.4,1.4,1.5
601,"1640601","Arganil",0.2,0.2,0.3,0.3,0.3,0.3,0.2,0.2,0.2,0.1,0.1,0.1,0.2,0.1,0.1,0.1,0.1,0.1,0.1,0,0,0,0,0,0,0,0,0,0,0,0
1007,"1641007","Castanheira de Pêra",0,0,0,0,0,0,0,0,0,0,0,0,0,0,0,0,0,0,0,0,0,0,0,0,0,0,0,0,0,0,0
1008,"1641008","Figueiró dos Vinhos",0.2,0.2,0.3,0.3,0.3,0.3,0.3,0.3,0.4,0.4,0.4,0.4,0.5,0.4,0.4,0.3,0.2,0.2,0.3,0,0,0,0,0,0,0,0,0,0,0,0
606,"1640606","Góis",0,0,0,0,0,0,0,0,0,0,0,0,0,0,0,0,0,0,0,0,0,0,0,0,0,0,0,0,0,0,0
607,"1640607","Lousã",0.1,0.1,0.2,0.2,0.2,0.2,0.2,0.2,0.2,0.2,0.2,0.2,0.3,0.2,0.2,0.2,0.2,0.2,0.2,0.2,0.2,0.2,0.2,0.2,0.2,0.2,0.2,0.2,0.2,0.2,0.2
609,"1640609","Miranda do Corvo",0.2,0.1,0.2,0.2,0.2,0.2,0.2,0.2,0.2,0.1,0.1,0.1,0.2,0.1,0.1,0.1,0.1,0.1,0.1,0,0,0,0,0,0,0,0,0,0,0,0
611,"1640611","Oliveira do Hospital",0.2,0.2,0.2,0.2,0.2,0.2,0.2,0.2,0.2,0.1,0.1,0.1,0.2,0.1,0.1,0.1,0.1,0.1,0.1,0,0,0,0,0,0,0,0,0,0,0,0
612,"1640612","Pampilhosa da Serra",0,0,0,0,0,0,0,0,0,0,0,0,0,0,0,0,0,0,0,0,0,0,0,0,0,0,0,0,0,0,0
1013,"1641013","Pedrógão Grande",0.1,0.1,0.1,0.1,0.1,0.1,0.1,0.1,0.1,0,0,0,0,0,0,0,0,0,0,0,0,0,0,0,0,0,0,0,0,0,0
614,"1640614","Penela",0.7,0.6,0.8,0.8,0.8,0.9,0.7,0.7,0.7,0.4,0.4,0.4,0.6,0.5,0.5,0.4,0.3,0.3,0.4,0.1,0.1,0.1,0.1,0.1,0.1,0.1,0.1,0.1,0.1,0.1,0.1
616,"1640616","Tábua",0.3,0.3,0.3,0.3,0.3,0.4,0.2,0.2,0.3,0.1,0.1,0.1,0.1,0.1,0.1,0.1,0.1,0.1,0.1,0.1,0.1,0.1,0.1,0.1,0.1,0.1,0.1,0.1,0.1,0.1,0.1
617,"1640617","Vila Nova de Poiares",0,0,0,0,0,0,0,0,0,0,0,0,0,0,0,0,0,0,0,0,0,0,0,0,0,0,0,0,0,0,0
901,"1650901","Aguiar da Beira",0.3,0.3,0.4,0.4,0.4,0.4,0.5,0.5,0.5,0.5,0.5,0.5,0.7,0.6,0.6,0.5,0.7,0.7,0.9,1.1,1.1,1.1,1.1,1,1,1,0.9,1,1,1,1.1
1802,"1651802","Carregal do Sal",0.6,0.6,0.7,0.7,0.7,0.8,0.8,0.8,0.8,0.7,0.7,0.7,0.9,0.8,0.7,0.7,0.6,0.6,0.8,0.7,0.6,0.7,0.6,0.6,0.6,0.6,0.6,0.6,0.6,0.6,0.7
1803,"1651803","Castro Daire",2.3,2.2,2.5,2.5,2.7,3.1,3.5,3.5,3.6,3.7,3.7,3.7,4.7,4.2,4,3.6,2.6,2.6,3.3,1.7,1.7,1.7,1.6,1.6,1.6,1.5,1.4,1.5,1.6,1.6,1.7
1806,"1651806","Mangualde",0.9,0.8,1,1,1,1.2,0.9,0.9,0.9,0.7,0.7,0.7,0.8,0.7,0.7,0.6,0.4,0.4,0.5,0.2,0.2,0.2,0.2,0.2,0.2,0.2,0.2,0.2,0.2,0.2,0.2
1808,"1651808","Mortágua",0.6,0.5,0.6,0.6,0.7,0.8,0.6,0.6,0.6,0.4,0.4,0.4,0.5,0.5,0.4,0.4,0.3,0.3,0.4,0.2,0.2,0.2,0.2,0.2,0.2,0.2,0.2,0.2,0.2,0.2,0.2
1809,"1651809","Nelas",0.8,0.7,0.8,0.8,0.8,1,0.8,0.8,0.8,0.6,0.6,0.6,0.8,0.7,0.6,0.6,0.6,0.6,0.8,0.9,0.9,0.9,0.9,0.9,0.9,0.8,0.8,0.8,0.9,0.9,0.9
1810,"1651810","Oliveira de Frades",5.3,4.9,5.7,5.7,6,7,7.3,7.3,7.4,7,7,7,9.1,8,7.6,6.8,4.3,4.4,5.5,1.6,1.5,1.5,1.5,1.4,1.4,1.4,1.3,1.4,1.5,1.5,1.6
1811,"1651811","Penalva do Castelo",0.1,0.1,0.1,0.1,0.1,0.1,0.1,0.1,0.1,0.1,0.1,0.1,0.1,0.1,0.1,0.1,0.1,0.1,0.1,0,0,0,0,0,0,0,0,0,0,0,0
1814,"1651814","Santa Comba Dão",2.4,2.2,2.6,2.6,2.7,3.2,3.1,3.1,3.2,2.9,2.9,2.9,3.7,3.3,3.1,2.8,2.7,2.8,3.5,3.3,3.3,3.3,3.2,3.1,3.1,3,2.8,3,3.2,3.2,3.3
1816,"1651816","São Pedro do Sul",1.5,1.3,1.6,1.6,1.6,1.9,2.6,2.6,2.7,3.1,3.1,3.1,4,3.5,3.4,3,3.1,3.2,4,4.1,4,4.1,4,3.8,3.8,3.7,3.5,3.7,3.9,3.9,4.1
1817,"1651817","Sátão",8.1,7.4,8.8,8.8,9.1,10.7,10.3,10.3,10.5,9.4,9.4,9.4,12.1,10.6,10.2,9.1,6.4,6.5,8.1,3.8,3.7,3.8,3.7,3.5,3.6,3.4,3.2,3.4,3.6,3.6,3.8
1821,"1651821","Tondela",2.8,2.6,3,3,3.2,3.7,3.2,3.2,3.3,2.6,2.6,2.6,3.3,2.9,2.8,2.5,1.9,1.9,2.4,1.4,1.4,1.4,1.4,1.3,1.3,1.3,1.2,1.3,1.4,1.4,1.4
1822,"1651822","Vila Nova de Paiva",1.1,1,1.2,1.2,1.2,1.4,1.9,1.9,1.9,2.2,2.2,2.2,2.8,2.4,2.4,2.1,1.4,1.5,1.8,0.8,0.8,0.8,0.8,0.8,0.8,0.7,0.7,0.7,0.8,0.8,0.8
1823,"1651823","Viseu",1.5,1.4,1.7,1.7,1.7,2,1.7,1.7,1.7,1.3,1.3,1.3,1.7,1.5,1.4,1.3,0.9,0.9,1.1,0.5,0.5,0.5,0.5,0.5,0.5,0.5,0.5,0.5,0.5,0.5,0.5
1824,"1651824","Vouzela",3.4,3.1,3.6,3.6,3.8,4.5,6.1,6.1,6.2,7.1,7.1,7.1,9.1,8.1,7.7,6.9,4.4,4.5,5.6,1.6,1.6,1.6,1.6,1.5,1.5,1.5,1.4,1.5,1.6,1.6,1.6
1413,"1661413","Mação",0.5,0.5,0.5,0.6,0.6,0.7,0.7,0.5,0.6,0.6,0.6,0.6,0.5,0.4,0.5,0.5,0.4,0.4,0.4,0.3,0.3,0.3,0.2,0.2,0.2,0.2,0.2,0.2,0.3,0.3,0.3
506,"1660506","Oleiros",0,0,0,0,0,0,0,0,0,0,0,0,0,0,0,0,0,0,0,0,0,0,0,0,0,0,0,0,0,0,0
508,"1660508","Proença-a-Nova",0.1,0,0.1,0.1,0.1,0.1,0.1,0,0,0,0,0,0,0,0,0,0,0,0,0,0,0,0,0,0,0,0,0,0,0,0
509,"1660509","Sertã",0.6,0.5,0.6,0.7,0.7,0.8,1,0.6,0.7,0.9,0.9,0.9,0.8,0.7,0.8,0.8,0.8,0.8,0.9,1.3,1.3,1.3,0.9,0.9,1.1,1.1,1.1,1.1,1.4,1.4,1.5
510,"1660510","Vila de Rei",0.6,0.6,0.6,0.7,0.7,0.8,0.9,0.6,0.7,0.8,0.8,0.8,0.8,0.6,0.8,0.8,0.8,0.8,0.9,1.2,1.2,1.2,0.9,0.9,1,1,1,1,1.3,1.3,1.4
905,"1670905","Fornos de Algodres",0.1,0.1,0.1,0.1,0.1,0.1,0.1,0.1,0.1,0,0,0,0,0,0,0,0,0,0,0,0,0,0,0,0,0,0,0,0,0,0
906,"1670906","Gouveia",0.2,0.2,0.2,0.2,0.2,0.2,0.4,0.2,0.3,0.4,0.4,0.4,0.4,0.3,0.4,0.4,0.2,0.2,0.3,0.1,0.1,0.1,0.1,0.1,0.1,0.1,0.1,0.1,0.1,0.1,0.2
912,"1670912","Seia",0.4,0.3,0.4,0.5,0.5,0.5,0.4,0.3,0.3,0.2,0.2,0.2,0.2,0.1,0.2,0.2,0.1,0.1,0.1,0,0,0,0,0,0,0,0,0,0,0,0
902,"1680902","Almeida",0.6,0.5,0.6,0.7,0.7,0.8,0.9,0.6,0.7,0.7,0.7,0.7,0.7,0.6,0.7,0.7,0.8,0.8,0.9,1.3,1.3,1.3,0.9,0.9,1.1,1.1,1.1,1.1,1.4,1.4,1.5
903,"1680903","Celorico da Beira",0,0,0,0,0,0,0,0,0,0,0,0,0,0,0,0,0,0,0,0,0,0,0,0,0,0,0,0,0,0,0.1
904,"1680904","Figueira de Castelo Rodrigo",1.4,1.2,1.4,1.6,1.6,1.8,1.6,1,1.2,0.9,0.9,0.9,0.9,0.7,0.9,0.9,0.6,0.6,0.7,0.6,0.6,0.5,0.4,0.4,0.5,0.5,0.5,0.5,0.6,0.6,0.7
907,"1680907","Guarda",1.7,1.4,1.7,1.9,1.9,2.1,1.8,1.1,1.3,0.8,0.8,0.8,0.8,0.6,0.8,0.8,0.5,0.5,0.6,0.4,0.4,0.4,0.3,0.3,0.3,0.3,0.3,0.3,0.4,0.4,0.5
908,"1680908","Manteigas",0,0,0,0,0,0,0,0,0,0,0,0,0,0,0,0,0,0,0,0,0,0,0,0,0,0,0,0,0,0,0
909,"1680909","Mêda",0.2,0.1,0.2,0.2,0.2,0.2,0.2,0.1,0.1,0.1,0.1,0.1,0,0,0,0,0,0,0,0,0,0,0,0,0,0,0,0,0,0,0.1
910,"1680910","Pinhel",0.3,0.3,0.3,0.3,0.3,0.4,0.3,0.2,0.2,0.1,0.1,0.1,0.1,0.1,0.1,0.1,0.1,0.1,0.1,0.1,0.1,0.1,0.1,0.1,0.1,0.1,0.1,0.1,0.1,0.1,0.1
911,"1680911","Sabugal",0.4,0.3,0.4,0.4,0.4,0.5,0.4,0.3,0.3,0.2,0.2,0.2,0.2,0.2,0.2,0.2,0.1,0.1,0.2,0.1,0.1,0.1,0.1,0.1,0.1,0.1,0.1,0.1,0.1,0.1,0.1
913,"1680913","Trancoso",0.1,0.1,0.1,0.1,0.1,0.1,0.1,0.1,0.1,0.1,0.1,0.1,0.1,0.1,0.1,0.1,0,0,0.1,0,0,0,0,0,0,0,0,0,0,0,0
502,"1690502","Castelo Branco",2.2,1.9,2.2,2.5,2.5,2.8,3.4,2.1,2.5,2.9,2.9,2.9,2.8,2.2,2.8,2.8,2.3,2.3,2.6,2.8,2.8,2.8,2.1,2.1,2.3,2.3,2.3,2.3,3.1,3.1,3.4
505,"1690505","Idanha-a-Nova",1,0.9,1,1.2,1.2,1.3,1.2,0.7,0.9,0.6,0.6,0.6,0.6,0.5,0.6,0.6,0.4,0.4,0.5,0.4,0.4,0.4,0.3,0.3,0.3,0.3,0.3,0.3,0.4,0.4,0.5
507,"1690507","Penamacor",0.3,0.3,0.3,0.4,0.4,0.4,0.4,0.3,0.3,0.2,0.2,0.2,0.2,0.2,0.2,0.2,0.1,0.1,0.2,0.1,0.1,0.1,0,0,0.1,0.1,0.1,0.1,0.1,0.1,0.1
511,"1690511","Vila Velha de Ródão",0.2,0.1,0.2,0.2,0.2,0.2,0.3,0.2,0.2,0.3,0.3,0.3,0.3,0.2,0.3,0.3,0.1,0.1,0.2,0.1,0.1,0.1,0,0,0,0,0,0,0.1,0.1,0.1
501,"16A0501","Belmonte",0,0,0,0,0,0,0,0,0,0,0,0,0,0,0,0,0,0,0,0,0,0,0,0,0,0,0,0,0,0,0
503,"16A0503","Covilhã",0.3,0.2,0.2,0.3,0.3,0.3,0.5,0.3,0.4,0.5,0.5,0.5,0.5,0.4,0.5,0.5,0.3,0.3,0.3,0.1,0.1,0.1,0.1,0.1,0.1,0.1,0.1,0.1,0.1,0.1,0.1
504,"16A0504","Fundão",0.3,0.3,0.3,0.3,0.3,0.4,0.4,0.2,0.3,0.3,0.3,0.3,0.3,0.2,0.3,0.3,0.3,0.3,0.3,0.4,0.4,0.4,0.3,0.3,0.3,0.3,0.3,0.3,0.4,0.4,0.4
1001,"16B1001","Alcobaça",417.7,449.7,501.3,522,496.1,439.9,620,543.3,536.9,551.5,558.2,538.2,596.9,560,652.1,636.7,599.7,622.7,653,620.5,636.6,606,598,598,645.8,630,630,638.9,665.5,638.9,702.2
1101,"16B1101","Alenquer",16.6,17.9,19.9,20.7,19.7,17.4,25,21.9,21.7,22.7,23,22.2,24.6,23.1,26.9,26.2,17.9,18.5,19.4,10.5,10.8,10.3,10.2,10.2,10.9,10.7,10.7,10.8,11.3,10.8,11.9
1102,"16B1102","Arruda dos Vinhos",21.3,22.9,25.5,26.6,25.2,22.4,34.6,30.3,30,33.9,34.2,33,36.7,34.3,40,39.1,29.1,30.2,31.6,21.1,21.7,20.7,20.4,20.4,22,21.4,21.4,21.7,22.7,21.7,23.9
1005,"16B1005","Bombarral",5.4,5.8,6.5,6.7,6.4,5.7,5.9,5.2,5.1,3.1,3.1,3,3.4,3.2,3.7,3.6,2,2.1,2.1,0.5,0.5,0.4,0.4,0.4,0.5,0.5,0.5,0.5,0.5,0.5,0.5
1104,"16B1104","Cadaval",47.1,50.7,56.6,58.9,55.9,49.6,63.9,56,55.4,50.7,51.3,49.5,54.8,51.4,59.9,58.5,79.4,82.5,86.5,110.4,113.3,107.8,106.4,106.4,114.9,112.1,112.1,113.7,118.4,113.7,124.9
1006,"16B1006","Caldas da Rainha",135.7,146.1,162.8,169.5,161.2,142.9,187.7,164.5,162.6,152.9,154.7,149.2,165.5,155.3,180.8,176.5,109.8,114.1,119.6,48.4,49.7,47.3,46.7,46.7,50.4,49.2,49.2,49.9,51.9,49.9,54.8
1108,"16B1108","Lourinhã",85.7,92.2,102.8,107.1,101.8,90.2,123.2,108,106.7,105.6,106.9,103.1,114.3,107.2,124.8,121.9,191.6,199,208.7,287.2,294.6,280.4,276.7,276.7,298.8,291.6,291.6,295.6,308,295.6,324.9
1011,"16B1011","Nazaré",12.6,13.6,15.1,15.7,15,13.2,16,14,13.9,11.5,11.6,11.3,12.5,11.7,13.6,13.3,16.2,16.9,17.7,21,21.6,20.5,20.3,20.3,21.9,21.3,21.3,21.7,22.5,21.7,23.8
1012,"16B1012","Óbidos",3.5,3.8,4.2,4.4,4.2,3.7,3.8,3.3,3.3,1.9,1.9,1.9,2.1,1.9,2.3,2.2,1.1,1.2,1.2,0,0,0,0,0,0.1,0.1,0.1,0.1,0.1,0.1,0.1
1014,"16B1014","Peniche",12.5,13.4,14.9,15.6,14.8,13.1,22.7,19.9,19.7,24.6,24.8,24,26.6,24.9,29,28.4,17.4,18.1,18.9,7.3,7.4,7.1,7,7,7.5,7.4,7.4,7.5,7.8,7.5,8.2
1112,"16B1112","Sobral de Monte Agraço",11.2,12,13.4,13.9,13.2,11.7,19.5,17.1,16.9,20.4,20.6,19.9,22,20.6,24.1,23.5,19.9,20.7,21.7,18.1,18.6,17.7,17.5,17.5,18.9,18.4,18.4,18.7,19.5,18.7,20.5
1113,"16B1113","Torres Vedras",82.2,88.5,98.7,102.8,97.7,86.6,152.3,133.5,131.9,166.6,168.6,162.6,180.3,169.2,197,192.4,169.4,175.8,184.4,161.5,165.7,157.7,155.7,155.7,168.1,164,164,166.3,173.2,166.3,182.7
1401,"16C1401","Abrantes",4.9,5.3,5.9,6.2,5.9,5.2,8.5,7.4,7.3,8.7,8.8,8.5,9.4,8.8,10.2,10,10.2,10.6,11.1,11.5,11.8,11.2,11.1,11.1,11.9,11.7,11.7,11.8,12.3,11.8,13
1402,"16C1402","Alcanena",16.6,17.8,19.9,20.7,19.7,17.4,17.4,15.1,15,7.9,8,7.8,8.6,8,9.4,9.1,5.3,5.4,5.7,1.5,1.5,1.5,1.5,1.5,1.5,1.5,1.5,1.5,1.7,1.5,1.7
1408,"16C1408","Constância",1.3,1.4,1.5,1.6,1.5,1.3,1,0.9,0.9,0,0,0,0,0,0,0,0,0,0,0,0,0,0,0,0,0,0,0,0,0,0
1410,"16C1410","Entroncamento",0,0,0,0,0,0,0,0,0,0,0,0,0,0,0,0,0,0,0,0,0,0,0,0,0,0,0,0,0,0,0
1411,"16C1411","Ferreira do Zêzere",52.2,56.2,62.7,65.3,62.1,55,72.1,63.1,62.4,58.4,59.1,57,63.2,59.3,69.1,67.4,72.7,75.5,79.2,85.9,88.1,83.9,82.8,82.8,89.4,87.2,87.2,88.5,92.2,88.5,97.2
1421,"16C1421","Ourém",3.9,4.2,4.6,4.8,4.6,4.1,4.4,3.8,3.8,2.5,2.5,2.5,2.7,2.5,3,2.9,1.8,1.9,2,0.8,0.8,0.8,0.8,0.8,0.8,0.8,0.8,0.8,0.9,0.8,0.9
1417,"16C1417","Sardoal",0,0,0,0,0,0,0,0,0,0,0,0,0,0,0,0,0,0,0,0,0,0,0,0,0,0,0,0,0,0,0
1418,"16C1418","Tomar",8.6,9.2,10.3,10.7,10.2,9,12.5,11,10.9,11,11.1,10.7,11.9,11.1,13,12.7,13.4,14,14.6,15.7,16.1,15.3,15.1,15.1,16.3,15.9,15.9,16.1,16.8,16.1,17.7
1419,"16C1419","Torres Novas",2.7,2.9,3.2,3.4,3.2,2.8,3.6,3.1,3.1,2.7,2.8,2.7,3,2.8,3.2,3.2,3.9,4.1,4.2,5.1,5.2,5,4.9,4.9,5.3,5.2,5.2,5.3,5.5,5.3,5.8
1420,"16C1420","Vila Nova da Barquinha",0,0,0,0,0,0,0,0,0,0,0,0,0,0,0,0,0,0,0,0,0,0,0,0,0,0,0,0,0,0,0
1115,"1711115","Amadora",0.9,0.9,1,1.1,1,0.9,0.8,0.6,0.6,0,0,0,0,0,0,0,0,0,0,0,0,0,0,0,0,0,0,0,0,0,0
1105,"1711105","Cascais",4.8,5.1,5.7,5.9,5.7,5,5.3,4.6,4.5,2.8,2.9,2.8,3.1,2.9,3.4,3.4,1.6,1.7,1.8,0,0,0,0,0,0,0,0,0,0,0,0
1106,"1711106","Lisboa",0,0,0,0,0,0,0,0,0,0,0,0,0,0,0,0,0,0,0,0,0,0,0,0,0,0,0,0,0,0,0
1107,"1711107","Loures",26.3,28.4,31.7,33,31.3,27.8,21.9,19.2,19,1.7,1.7,1.7,1.8,1.7,2,1.9,1.1,1.1,1.2,0.3,0.3,0.3,0.3,0.3,0.3,0.3,0.3,0.3,0.3,0.3,0.3
1109,"1711109","Mafra",44.4,47.8,53.3,55.5,52.8,46.8,69.4,60.8,60.1,65.3,66.1,63.7,70.7,66.3,77.2,75.4,43.8,45.5,47.7,13.8,14.1,13.4,13.3,13.3,14.3,14,14,14.2,14.8,14.2,15.6
1116,"1711116","Odivelas",0,0,0,0,0,0,0.1,0.1,0.1,0.2,0.2,0.2,0.3,0.3,0.3,0.3,0.2,0.2,0.2,0.1,0.1,0.1,0.1,0.1,0.1,0.1,0.1,0.1,0.1,0.1,0.1
1110,"1711110","Oeiras",1.6,1.7,1.9,2,1.9,1.7,1.8,1.5,1.4,0.8,0.8,0.8,0.9,0.8,1,0.9,0.5,0.5,0.6,0,0,0,0,0,0,0,0,0,0,0,0
1111,"1711111","Sintra",34.1,36.7,40.9,42.6,40.5,35.9,39.1,34.2,33.8,22.9,23.2,22.3,24.8,23.2,27,26.4,13.7,14.2,14.9,1.3,1.3,1.3,1.3,1.3,1.4,1.3,1.3,1.4,1.4,1.4,1.5
1114,"1711114","Vila Franca de Xira",6.5,7,7.8,8.2,7.7,6.9,7.3,6.4,6.4,4.1,4.1,4,4.4,4.2,4.8,4.7,2.4,2.5,2.6,0.2,0.2,0.2,0.2,0.2,0.2,0.2,0.2,0.2,0.2,0.2,0.2
1502,"1721502","Alcochete",40.9,44,49.1,51.1,48.6,43.1,55.2,48.4,47.8,43.4,44,42.4,47,44.1,51.4,50.1,63.4,65.8,69.1,84.4,86.5,82.4,81.3,81.3,87.8,85.7,85.7,86.9,90.5,86.9,95.5
1503,"1721503","Almada",1.6,1.6,1.9,2,1.9,1.7,2,1.8,1.7,1.5,1.5,1.4,1.6,1.5,1.7,1.7,0.9,0.9,0.9,0,0,0,0,0,0,0,0,0,0,0,0
1504,"1721504","Barreiro",0.3,0.3,0.3,0.3,0.3,0.3,0.3,0.2,0.2,0.1,0.1,0.1,0.1,0.1,0.1,0.1,0.1,0.1,0.1,0,0,0,0,0,0,0,0,0,0,0,0
1506,"1721506","Moita",10.9,11.7,13.1,13.6,13,11.5,18.8,16.5,16.3,19.5,19.7,19,21.1,19.8,23,22.5,13.2,13.7,14.3,4.4,4.5,4.2,4.2,4.2,4.5,4.4,4.4,4.5,4.7,4.5,4.9
1507,"1721507","Montijo",229.7,247.2,275.6,287,272.8,241.9,329.6,288.8,285.4,281.5,284.8,274.7,304.7,285.8,332.8,324.9,443.5,460.6,483.1,617.9,634.1,603.5,595.5,595.5,643.1,627.4,627.4,636.2,662.7,636.2,699.3
1508,"1721508","Palmela",185.4,199.6,222.5,231.7,220.2,195.2,264.2,231.5,228.8,223.7,226.4,218.3,242.1,227.2,264.5,258.3,219.6,228,239.1,199.7,204.9,195.1,192.5,192.5,207.9,202.8,202.8,205.7,214.2,205.7,226
1510,"1721510","Seixal",0,0,0,0,0,0,0,0,0,0,0,0,0,0,0,0,0,0,0,0,0,0,0,0,0,0,0,0,0,0,0
1511,"1721511","Sesimbra",1.9,2,2.2,2.3,2.2,1.9,1.7,1.5,1.5,0.5,0.5,0.5,0.5,0.5,0.6,0.6,0.3,0.3,0.4,0.1,0.1,0.1,0.1,0.1,0.1,0.1,0.1,0.1,0.1,0.1,0.1
1512,"1721512","Setúbal",8.4,9.1,10.1,10.5,10,8.9,8.1,7.2,7.1,2.8,2.8,2.7,3,2.8,3.3,3.2,1.6,1.7,1.8,0.1,0.1,0.1,0.1,0.1,0.1,0.1,0.1,0.1,0.1,0.1,0.1
1501,"1811501","Alcácer do Sal",40.4,43.5,48.5,50.5,48,42.6,74.7,65.4,64.7,81.6,82.7,79.7,88.2,82.9,96.5,94.2,79.2,82.2,86.2,70.8,72.7,69.1,68.2,68.2,73.7,71.8,71.8,73,75.9,73,80.2
1505,"1811505","Grândola",55.5,59.7,66.6,69.3,65.9,58.4,85.6,75,74.1,79.5,80.5,77.6,86.1,80.7,94,91.8,109.7,113.9,119.5,140.4,144.1,137.1,135.4,135.4,146.2,142.6,142.6,144.6,150.6,144.6,158.9
211,"1810211","Odemira",7.9,8.5,9.5,9.9,9.4,8.3,13,11.4,11.3,12.9,13.1,12.6,14,13.1,15.3,14.9,12.1,12.6,13.2,10.3,10.5,10,9.9,9.9,10.7,10.4,10.4,10.6,11,10.6,11.6
1509,"1811509","Santiago do Cacém",124.8,134.4,149.8,156,148.2,131.5,247.1,216.5,214,283.7,287,276.8,307,288,335.3,327.5,268,278.3,291.8,230.5,236.5,225.2,222.2,222.2,240,234.1,234.1,237.4,247.3,237.4,260.9
1513,"1811513","Sines",11.5,12.4,13.9,14.4,13.7,12.1,18.1,15.9,15.7,17.2,17.4,16.8,18.6,17.5,20.4,19.9,10.7,11.1,11.7,1.8,1.9,1.8,1.8,1.8,1.9,1.9,1.9,1.9,1.9,1.9,2
1201,"1821201","Alter do Chão",2.7,2.9,3.2,3.3,3.1,2.8,2.7,2.4,2.4,1.2,1.2,1.2,1.3,1.2,1.4,1.4,1.3,1.3,1.4,1.4,1.4,1.3,1.3,1.3,1.4,1.4,1.4,1.4,1.5,1.4,1.5
1202,"1821202","Arronches",3.7,4,4.4,4.6,4.4,3.9,8.2,7.2,7.1,10,10.2,9.8,10.9,10.2,11.9,11.6,10.6,10.9,11.5,10.5,10.7,10.2,10.1,10.1,10.9,10.7,10.7,10.8,11.3,10.8,11.9
1203,"1821203","Avis",3,3.2,3.6,3.7,3.5,3.1,4.8,4.2,4.2,4.8,4.8,4.6,5.1,4.8,5.6,5.5,10.1,10.5,11,16.1,16.6,15.8,15.6,15.6,16.8,16.4,16.4,16.6,17.3,16.6,18.3
1204,"1821204","Campo Maior",0,0,0,0,0,0,0,0,0,0,0,0,0,0,0,0,0,0,0,0,0,0,0,0,0,0,0,0,0,0,0
1205,"1821205","Castelo de Vide",0,0,0,0,0,0,0,0,0,0,0,0,0,0,0,0,0,0,0,0,0,0,0,0,0,0,0,0,0,0,0
1206,"1821206","Crato",1.5,1.6,1.8,1.9,1.8,1.5,1.7,1.5,1.4,1,1,0.9,1,1,1.1,1.1,1.5,1.6,1.7,2.1,2.2,2,2,2,2.2,2.1,2.1,2.2,2.2,2.2,2.4
1207,"1821207","Elvas",22.3,18.4,23.7,22.1,20,20.3,23.8,20.5,21.6,17.9,18.7,17.4,21.9,22.2,25.2,25.2,11.9,11,13.2,0.8,0.8,0.8,0.8,0.8,0.8,0.8,0.8,0.8,0.8,0.8,0.8
1208,"1821208","Fronteira",0.2,0.2,0.3,0.2,0.2,0.2,1.4,1.2,1.3,2.3,2.4,2.2,2.8,2.9,3.2,3.2,1.5,1.4,1.7,0,0,0,0,0,0,0,0,0,0,0,0
1209,"1821209","Gavião",0,0,0,0,0,0,0,0,0,0,0,0,0,0,0,0,0,0,0,0,0,0,0,0,0,0,0,0,0,0,0
1210,"1821210","Marvão",0,0,0,0,0,0,0,0,0,0,0,0,0,0,0,0,0,0,0,0,0,0,0,0,0,0,0,0,0,0,0
1211,"1821211","Monforte",10.9,8.9,11.5,10.8,9.7,9.8,12.5,10.8,11.3,10.6,11,10.2,12.9,13,14.8,14.8,10.9,10.1,12.1,8.8,8.4,8.7,8.6,8.7,8.8,8.7,8.7,9.2,8.8,8.3,9.1
707,"1820707","Mora",23.2,19.1,24.6,23,20.8,21.1,37.6,32.5,34.2,42.5,44.6,41.3,52,52.7,60,60,29.2,27,32.3,3.7,3.6,3.7,3.7,3.7,3.7,3.7,3.7,3.9,3.8,3.6,3.8
1212,"1821212","Nisa",1.2,1,1.2,1.2,1.1,1.1,1.3,1.1,1.2,1,1,0.9,1.2,1.2,1.3,1.3,1.5,1.4,1.7,1.9,1.9,2,1.9,2,1.9,1.9,1.9,2,2,1.9,2
1213,"1821213","Ponte de Sor",17.4,14.4,18.5,17.2,15.6,15.9,20.6,17.8,18.7,17.7,18.6,17.3,21.7,22,25.1,25.1,16.8,15.5,18.5,11.1,10.9,11.3,11,11.3,11.2,11.1,11.1,11.7,11.4,10.8,11.5
1214,"1821214","Portalegre",4.1,3.4,4.3,4,3.7,3.7,3.6,3.1,3.3,1.9,2,1.9,2.4,2.4,2.7,2.7,2.1,1.9,2.3,1.7,1.7,1.8,1.7,1.8,1.8,1.7,1.7,1.8,1.8,1.7,1.8
701,"1830701","Alandroal",29.1,24,30.9,28.8,26.1,26.5,38.5,33.2,35,37.1,39,36.2,45.5,46.1,52.5,52.5,46.9,43.3,51.9,48.2,47.1,48.9,47.7,48.9,48.5,48,48,50.5,49.2,46.7,50
702,"1830702","Arraiolos",33.9,28,35.9,33.6,30.4,30.9,50,43.3,45.5,53,55.7,51.7,64.9,65.8,74.9,74.9,85.5,78.9,94.5,107.6,105,109,106.5,109,108.4,107.2,107.2,112.8,110,104.4,111.6
703,"1830703","Borba",116.3,95.9,123.2,115.1,104.1,105.7,102.7,88.6,93.3,53.5,56.2,52.2,65.6,66.5,75.7,75.7,55,50.9,60.9,42.9,41.7,43.3,42.4,43.3,43.1,42.6,42.6,44.9,43.8,41.5,44.3
704,"1830704","Estremoz",16.1,13.3,17,15.9,14.4,14.6,20.8,18,18.9,19.8,20.7,19.3,24.2,24.5,28,28,27.5,25.4,30.3,30.8,30.1,31.2,30.5,31.2,31.1,30.8,30.8,32.4,31.5,29.9,32
705,"1830705","Évora",103.9,85.7,110.1,102.8,93,94.5,99.7,86.1,90.6,62.7,65.9,61.1,76.8,77.9,88.6,88.6,54.9,50.7,60.7,30.1,29.3,30.5,29.7,30.5,30.3,30,30,31.5,30.7,29.2,31.2
706,"1830706","Montemor-o-Novo",252,207.8,267.2,249.4,225.6,229.2,290.7,251,264.3,242.7,254.8,236.6,297.3,301.2,343.2,343.2,321.5,296.9,355.4,345.8,337.6,350.3,342.1,350.3,348.2,344.5,344.5,362.6,353.6,335.5,358.7
708,"1830708","Mourão",9.6,7.9,10.1,9.5,8.5,8.7,14.5,12.5,13.2,15.6,16.4,15.2,19.1,19.3,22.1,22.1,11.7,10.8,12.8,3.2,3.1,3.2,3.2,3.2,3.3,3.2,3.2,3.4,3.3,3.1,3.3
709,"1830709","Portel",27.5,22.7,29.1,27.2,24.6,25,32.2,27.9,29.3,27.5,28.9,26.8,33.6,34.1,38.9,38.9,101.4,93.7,112.2,176.1,171.9,178.4,174.2,178.4,177.3,175.4,175.4,184.6,180.1,170.8,182.6
710,"1830710","Redondo",50.5,41.7,53.6,50,45.3,45.9,55.9,48.2,50.7,44.1,46.4,43.1,54.1,54.8,62.4,62.4,54,49.9,59.8,53.6,52.2,54.2,53,54.2,53.8,53.3,53.3,56.1,54.7,51.9,55.4
711,"1830711","Reguengos de Monsaraz",25,20.6,26.6,24.8,22.4,22.8,28,24.2,25.4,22.5,23.6,21.9,27.5,27.9,31.8,31.8,21.6,20,23.9,14.8,14.4,15,14.6,15,14.9,14.7,14.7,15.5,15.1,14.4,15.4
1215,"1831215","Sousel",0,0,0,0,0,0,0,0,0,0,0,0,0,0,0,0,0,0,0,0,0,0,0,0,0,0,0,0,0,0,0
712,"1830712","Vendas Novas",18.7,15.4,19.8,18.5,16.7,17,25.5,21.9,23.2,25.2,26.5,24.6,30.9,31.3,35.7,35.7,102.9,95,113.8,182.2,177.9,184.6,180.3,184.6,183.6,181.6,181.6,191.1,186.4,176.8,189
713,"1830713","Viana do Alentejo",32.2,26.6,34.2,31.9,28.9,29.3,38,32.8,34.5,32.6,34.2,31.8,39.9,40.4,46,46,38.5,35.6,42.6,36.6,35.8,37.2,36.2,37.2,36.9,36.5,36.5,38.4,37.5,35.5,38
714,"1830714","Vila Viçosa",17.1,14.1,18.2,16.9,15.3,15.6,18.6,15.9,16.9,14.3,15,13.9,17.5,17.8,20.2,20.2,14.2,13,15.8,10.5,10,10.5,10.3,10.5,10.3,10.3,10.3,10.9,10.6,10.1,10.7
201,"1840201","Aljustrel",5.6,4.6,5.9,5.5,5,5.1,6.2,5.3,5.6,4.9,5.1,4.8,5.9,6,6.9,6.9,7.6,7,8.4,9.2,9,9.4,9.2,9.4,9.3,9.2,9.2,9.7,9.4,9,9.6
202,"1840202","Almodôvar",11.2,9.3,11.9,11.1,10,10.2,18.7,16.1,17,21.5,22.6,21,26.4,26.7,30.5,30.5,25.9,23.9,28.6,25.1,24.6,25.5,24.9,25.5,25.3,25.1,25.1,26.4,25.7,24.4,26.1
203,"1840203","Alvito",0,0,0,0,0,0,0,0,0,0,0,0,0,0,0,0,0,0,0,0,0,0,0,0,0,0,0,0,0,0,0
204,"1840204","Barrancos",0.8,0.7,0.8,0.8,0.7,0.7,1,0.9,0.9,0.9,0.9,0.9,1.1,1.1,1.3,1.3,1.6,1.5,1.8,2.1,2.1,2.2,2.1,2.2,2.2,2.1,2.1,2.2,2.2,2.1,2.2
205,"1840205","Beja",16.9,13.9,17.9,16.7,15.1,15.4,19.1,16.5,17.4,15.6,16.4,15.2,19.1,19.4,22.1,22.1,20.2,18.7,22.4,21.3,20.8,21.6,21,21.6,21.5,21.2,21.2,22.3,21.8,20.7,22.1
206,"1840206","Castro Verde",4.7,3.9,5,4.7,4.2,4.3,6.2,5.4,5.6,5.9,6.2,5.8,7.3,7.4,8.4,8.4,7.3,6.8,8.1,7.4,7.2,7.4,7.3,7.4,7.4,7.3,7.3,7.7,7.5,7.1,7.6
207,"1840207","Cuba",37.1,30.9,39.7,37.1,33.5,34.4,43.3,37.5,39.4,37.3,39.1,36.3,45.6,46.3,52.7,52.7,82.3,76,91,122.6,119.6,124.2,121.2,124.2,123.3,122,122,128.4,125.3,118.8,127.1
208,"1840208","Ferreira do Alentejo",41.3,34.1,43.8,41,37,37.6,44.3,38.2,40.2,33.4,35.1,32.7,41,41.5,47.4,47.4,59.6,55.1,66,79.9,78,81,79.1,81,80.5,79.7,79.7,83.8,81.7,77.6,82.9
209,"1840209","Mértola",1.5,1.3,1.6,1.5,1.4,1.4,2.8,2.4,2.5,3.4,3.5,3.3,4.1,4.2,4.8,4.8,6.4,5.9,7.1,8.9,8.7,9,8.8,9,8.9,8.8,8.8,9.3,9.1,8.6,9.2
210,"1840210","Moura",23.8,19.7,25.3,23.6,21.3,21.7,25.3,21.9,23,18.9,19.9,18.5,23.2,23.5,26.8,26.8,23.6,21.8,26.1,23.9,23.3,24.3,23.7,24.3,24.1,23.8,23.8,25.1,24.5,23.2,24.8
212,"1840212","Ourique",16.7,13.8,17.7,16.5,15,15.2,29.2,25.2,26.6,34.5,36.3,33.7,42.3,42.9,48.8,48.8,48,44.3,53.1,53.9,52.6,54.6,53.4,54.6,54.3,53.7,53.7,56.5,55.1,52.3,55.9
213,"1840213","Serpa",16.8,13.8,17.8,16.6,15,15.3,20,17.2,18.2,17.3,18.2,16.8,21.2,21.4,24.4,24.4,23.2,21.4,25.6,25.3,24.6,25.6,25,25.6,25.4,25.2,25.2,26.5,25.8,24.5,26.2
214,"1840214","Vidigueira",4.9,4,5.2,4.9,4.4,4.4,5.2,4.6,4.8,4,4.2,3.9,4.9,5,5.6,5.6,11.1,10.3,12.3,18,17.5,18.2,17.8,18.2,18.1,17.9,17.9,18.8,18.4,17.4,18.6
1403,"1851403","Almeirim",5,4.1,5.2,4.9,4.4,4.5,6.2,5.3,5.6,5.7,6,5.5,7,7.1,8,8,3.7,3.4,4.1,0,0,0,0,0,0,0,0,0,0,0,0
1404,"1851404","Alpiarça",3.2,2.6,3.3,3.1,2.8,2.9,3.5,3.1,3.2,2.9,3,2.8,3.5,3.6,4.1,4.1,1.9,1.7,2,0,0,0,0,0,0,0,0,0,0,0,0
1103,"1851103","Azambuja",114.6,94.6,121.6,113.5,102.7,104.3,134,115.8,122,113.8,119.5,111,139.4,141.3,161,161,127.1,117.3,140.5,112.4,109.7,113.8,111.2,113.8,113.2,112,112,117.8,114.9,108.9,116.6
1405,"1851405","Benavente",107.3,88.5,113.8,106.2,96.1,97.7,114.7,99,104.3,86.5,90.8,84.4,105.9,107.3,122.3,122.3,305.8,282.4,338.2,525.9,513.4,532.7,520.3,532.7,529.6,523.8,523.8,551.5,537.7,510.1,545.4
1406,"1851406","Cartaxo",84.1,69.4,89.2,83.3,75.3,76.5,108.4,93.7,98.6,102.2,107.4,99.7,125.3,126.9,144.6,144.6,306.7,283.2,339.1,506.4,494.3,512.9,501,512.9,509.9,504.4,504.4,530.9,517.7,491.1,525.2
1407,"1851407","Chamusca",6.3,5.2,6.7,6.2,5.7,5.8,8,7,7.3,7.5,7.9,7.3,9.2,9.3,10.7,10.7,4.9,4.5,5.4,0,0,0,0,0,0,0,0,0,0,0,0
1409,"1851409","Coruche",53.5,44.2,56.8,53,48,48.7,75.2,64.9,68.4,76.4,80.2,74.5,93.6,94.8,108.1,108.1,69.1,63.9,76.4,41.4,40.4,41.9,41,41.9,41.7,41.3,41.3,43.4,42.3,40.2,42.9
1412,"1851412","Golegã",0.1,0.1,0.1,0.1,0.1,0.1,0.1,0.1,0.1,0,0,0,0,0,0,0,0.1,0.1,0.1,0.1,0.1,0.1,0.1,0.1,0.1,0.1,0.1,0.1,0.1,0.1,0.1
1414,"1851414","Rio Maior",445.6,367.5,472.6,441,399.1,405.3,491.6,424.5,446.9,387.7,407,378,474.9,481.1,548.2,548.2,371.1,342.8,410.4,252.8,246.8,256.1,250.1,256.1,254.5,251.8,251.8,265,258.4,245.1,262.2
1415,"1851415","Salvaterra de Magos",26.9,22.1,28.5,26.6,24.1,24.4,31.8,27.5,28.9,27.4,28.8,26.7,33.6,34,38.8,38.8,26.6,24.6,29.4,18.6,18.2,18.8,18.4,18.8,18.7,18.5,18.5,19.5,19,18,19.3
1416,"1851416","Santarém",218,179.8,231.2,215.8,195.2,198.3,218.1,188.4,198.3,148.2,155.6,144.5,181.5,183.9,209.6,209.6,166.7,154,184.4,149,145.4,150.9,147.4,150.9,150,148.4,148.4,156.2,152.3,144.5,154.6
801,"1500801","Albufeira",19,18.9,28.4,18.9,18.9,21.9,16.4,16.4,13.6,4.6,4.6,4.6,5.4,3.3,3.3,3.3,3.5,3.4,2.9,1.7,1.7,1.7,1.7,1.3,1.3,1.3,1.3,1.3,1.3,1.3,1.4
802,"1500802","Alcoutim",3.3,3.3,5,3.3,3.3,3.9,4.4,4.4,3.7,4.2,4.2,4.2,4.9,2.9,2.9,2.9,2.8,2.7,2.3,0.7,0.7,0.8,0.8,0.5,0.6,0.6,0.6,0.6,0.6,0.6,0.6
803,"1500803","Aljezur",3.2,3.2,4.8,3.2,3.2,3.7,4.5,4.5,3.8,4.7,4.7,4.7,5.5,3.2,3.2,3.2,3.7,3.7,3.1,2.3,2.3,2.3,2.3,1.5,1.7,1.7,1.7,1.7,1.7,1.7,1.9
804,"1500804","Castro Marim",7.6,7.5,11.3,7.5,7.5,8.7,7.5,7.5,6.3,4.1,4.1,4.1,4.8,2.9,2.9,2.9,3.4,3.5,2.9,2.4,2.4,2.4,2.4,1.6,1.8,1.8,1.8,1.8,1.8,1.8,2
805,"1500805","Faro",7.6,7.6,11.3,7.6,7.6,8.7,11.4,11.4,9.5,12.9,12.9,12.9,15,8.9,8.9,8.9,7.6,7.5,6.4,0.4,0.4,0.4,0.4,0.3,0.3,0.3,0.3,0.3,0.3,0.3,0.4
806,"1500806","Lagoa",1.6,1.5,2.3,1.5,1.5,1.8,2.2,2.2,1.8,2.3,2.3,2.3,2.6,1.6,1.6,1.6,2.6,2.6,2.2,3,3,3,3,2,2.2,2.2,2.2,2.2,2.2,2.2,2.4
807,"1500807","Lagos",9,8.9,13.3,8.9,8.9,10.3,8.4,8.4,7,3.7,3.7,3.7,4.3,2.6,2.6,2.6,2.6,2.5,2.2,1,1,1,1,0.7,0.7,0.7,0.7,0.7,0.7,0.7,0.8
808,"1500808","Loulé",6.3,6.2,9.3,6.2,6.2,7.2,7.1,7.1,5.9,5.5,5.5,5.5,6.4,3.8,3.8,3.8,3.8,3.8,3.3,1.5,1.5,1.5,1.5,1,1.1,1.1,1.1,1.1,1.1,1.1,1.2
809,"1500809","Monchique",37.4,37,55.5,37,37,42.7,48.2,48.2,40.2,46.1,46.1,46.1,53.8,32,32,32,47.3,46.8,40.1,46.7,46.7,46.2,46.2,30.8,34.6,34.3,34.3,34.3,34.3,34.3,37.7
810,"1500810","Olhão",0.8,0.7,1.1,0.7,0.7,0.9,0.9,0.9,0.7,0.7,0.7,0.7,0.8,0.5,0.5,0.5,0.4,0.4,0.3,0,0,0,0,0,0,0,0,0,0,0,0
811,"1500811","Portimão",2.6,2.6,3.8,2.6,2.6,3,2.8,2.8,2.4,2,2,2,2.4,1.4,1.4,1.4,2,2,1.7,1.8,1.8,1.8,1.8,1.2,1.4,1.3,1.3,1.3,1.3,1.3,1.5
812,"1500812","São Brás de Alportel",0.2,0.2,0.4,0.2,0.2,0.3,0.2,0.2,0.2,0.1,0.1,0.1,0.1,0.1,0.1,0.1,0,0,0,0,0,0,0,0,0,0,0,0,0,0,0
813,"1500813","Silves",32,31.7,47.6,31.7,31.7,36.6,40.3,40.3,33.6,37.2,37.2,37.2,43.4,25.7,25.7,25.7,38.2,37.9,32.4,37.9,37.9,37.5,37.5,25,28.1,27.8,27.8,27.8,27.8,27.8,30.5
814,"1500814","Tavira",6.4,6.3,9.5,6.3,6.3,7.3,6.4,6.4,5.3,3.5,3.5,3.5,4.1,2.4,2.4,2.4,2.5,2.5,2.1,1,1,1,1,0.7,0.8,0.8,0.8,0.8,0.8,0.8,0.8
815,"1500815","Vila do Bispo",9.3,9.2,13.7,9.2,9.2,10.5,7.4,7.4,6.3,1.1,1.1,1.1,1.3,0.8,0.8,0.8,0.9,0.9,0.7,0.5,0.5,0.5,0.5,0.4,0.5,0.5,0.5,0.5,0.5,0.5,0.4
816,"1500816","Vila Real de Santo António",1.2,1.2,1.8,1.2,1.2,1.4,1.3,1.3,1.1,1,1,1,1.1,0.7,0.7,0.7,0.7,0.7,0.6,0.3,0.3,0.3,0.3,0.2,0.3,0.3,0.3,0.3,0.3,0.3,0.2
